-- --------------------------------------------------------
-- Host:                         127.0.0.1
-- Server version:               9.1.0 - MySQL Community Server - GPL
-- Server OS:                    Win64
-- HeidiSQL Version:             12.10.0.7000
-- --------------------------------------------------------

/*!40101 SET @OLD_CHARACTER_SET_CLIENT=@@CHARACTER_SET_CLIENT */;
/*!40101 SET NAMES utf8 */;
/*!50503 SET NAMES utf8mb4 */;
/*!40103 SET @OLD_TIME_ZONE=@@TIME_ZONE */;
/*!40103 SET TIME_ZONE='+00:00' */;
/*!40014 SET @OLD_FOREIGN_KEY_CHECKS=@@FOREIGN_KEY_CHECKS, FOREIGN_KEY_CHECKS=0 */;
/*!40101 SET @OLD_SQL_MODE=@@SQL_MODE, SQL_MODE='NO_AUTO_VALUE_ON_ZERO' */;
/*!40111 SET @OLD_SQL_NOTES=@@SQL_NOTES, SQL_NOTES=0 */;


-- Dumping database structure for simpeg_local
CREATE DATABASE IF NOT EXISTS `simpeg_local` /*!40100 DEFAULT CHARACTER SET utf8mb4 COLLATE utf8mb4_0900_ai_ci */ /*!80016 DEFAULT ENCRYPTION='N' */;
USE `simpeg_local`;

-- Dumping structure for table simpeg_local.cache
CREATE TABLE IF NOT EXISTS `cache` (
  `key` varchar(255) COLLATE utf8mb4_unicode_ci NOT NULL,
  `value` mediumtext COLLATE utf8mb4_unicode_ci NOT NULL,
  `expiration` int NOT NULL,
  PRIMARY KEY (`key`)
) ENGINE=InnoDB DEFAULT CHARSET=utf8mb4 COLLATE=utf8mb4_unicode_ci;

-- Dumping data for table simpeg_local.cache: ~0 rows (approximately)
DELETE FROM `cache`;

-- Dumping structure for table simpeg_local.cache_locks
CREATE TABLE IF NOT EXISTS `cache_locks` (
  `key` varchar(255) COLLATE utf8mb4_unicode_ci NOT NULL,
  `owner` varchar(255) COLLATE utf8mb4_unicode_ci NOT NULL,
  `expiration` int NOT NULL,
  PRIMARY KEY (`key`)
) ENGINE=InnoDB DEFAULT CHARSET=utf8mb4 COLLATE=utf8mb4_unicode_ci;

-- Dumping data for table simpeg_local.cache_locks: ~0 rows (approximately)
DELETE FROM `cache_locks`;

-- Dumping structure for table simpeg_local.failed_jobs
CREATE TABLE IF NOT EXISTS `failed_jobs` (
  `id` bigint unsigned NOT NULL AUTO_INCREMENT,
  `uuid` varchar(255) COLLATE utf8mb4_unicode_ci NOT NULL,
  `connection` text COLLATE utf8mb4_unicode_ci NOT NULL,
  `queue` text COLLATE utf8mb4_unicode_ci NOT NULL,
  `payload` longtext COLLATE utf8mb4_unicode_ci NOT NULL,
  `exception` longtext COLLATE utf8mb4_unicode_ci NOT NULL,
  `failed_at` timestamp NOT NULL DEFAULT CURRENT_TIMESTAMP,
  PRIMARY KEY (`id`),
  UNIQUE KEY `failed_jobs_uuid_unique` (`uuid`)
) ENGINE=InnoDB DEFAULT CHARSET=utf8mb4 COLLATE=utf8mb4_unicode_ci;

-- Dumping data for table simpeg_local.failed_jobs: ~0 rows (approximately)
DELETE FROM `failed_jobs`;

-- Dumping structure for table simpeg_local.indonesian_cities
CREATE TABLE IF NOT EXISTS `indonesian_cities` (
  `id` bigint unsigned NOT NULL AUTO_INCREMENT,
  `code` char(4) COLLATE utf8mb4_unicode_ci NOT NULL,
  `province_code` char(2) COLLATE utf8mb4_unicode_ci NOT NULL,
  `bps_code` char(15) COLLATE utf8mb4_unicode_ci DEFAULT NULL,
  `name` varchar(255) COLLATE utf8mb4_unicode_ci NOT NULL,
  `meta` text COLLATE utf8mb4_unicode_ci,
  `created_at` timestamp NULL DEFAULT NULL,
  `updated_at` timestamp NULL DEFAULT NULL,
  PRIMARY KEY (`id`),
  UNIQUE KEY `indonesian_cities_code_unique` (`code`),
  KEY `indonesian_cities_province_code_foreign` (`province_code`),
  CONSTRAINT `indonesian_cities_province_code_foreign` FOREIGN KEY (`province_code`) REFERENCES `indonesian_provinces` (`code`) ON DELETE RESTRICT ON UPDATE CASCADE
) ENGINE=InnoDB AUTO_INCREMENT=515 DEFAULT CHARSET=utf8mb4 COLLATE=utf8mb4_unicode_ci;

-- Dumping data for table simpeg_local.indonesian_cities: ~514 rows (approximately)
DELETE FROM `indonesian_cities`;
INSERT INTO `indonesian_cities` (`id`, `code`, `province_code`, `bps_code`, `name`, `meta`, `created_at`, `updated_at`) VALUES
	(1, '1109', '11', '1101', 'KAB. SIMEULUE', NULL, NULL, NULL),
	(2, '1110', '11', '1102', 'KAB. ACEH SINGKIL', NULL, NULL, NULL),
	(3, '1101', '11', '1103', 'KAB. ACEH SELATAN', NULL, NULL, NULL),
	(4, '1102', '11', '1104', 'KAB. ACEH TENGGARA', NULL, NULL, NULL),
	(5, '1103', '11', '1105', 'KAB. ACEH TIMUR', NULL, NULL, NULL),
	(6, '1104', '11', '1106', 'KAB. ACEH TENGAH', NULL, NULL, NULL),
	(7, '1105', '11', '1107', 'KAB. ACEH BARAT', NULL, NULL, NULL),
	(8, '1106', '11', '1108', 'KAB. ACEH BESAR', NULL, NULL, NULL),
	(9, '1107', '11', '1109', 'KAB. PIDIE', NULL, NULL, NULL),
	(10, '1111', '11', '1110', 'KAB. BIREUEN', NULL, NULL, NULL),
	(11, '1108', '11', '1111', 'KAB. ACEH UTARA', NULL, NULL, NULL),
	(12, '1112', '11', '1112', 'KAB. ACEH BARAT DAYA', NULL, NULL, NULL),
	(13, '1113', '11', '1113', 'KAB. GAYO LUES', NULL, NULL, NULL),
	(14, '1116', '11', '1114', 'KAB. ACEH TAMIANG', NULL, NULL, NULL),
	(15, '1115', '11', '1115', 'KAB. NAGAN RAYA', NULL, NULL, NULL),
	(16, '1114', '11', '1116', 'KAB. ACEH JAYA', NULL, NULL, NULL),
	(17, '1117', '11', '1117', 'KAB. BENER MERIAH', NULL, NULL, NULL),
	(18, '1118', '11', '1118', 'KAB. PIDIE JAYA', NULL, NULL, NULL),
	(19, '1171', '11', '1171', 'KOTA BANDA ACEH', NULL, NULL, NULL),
	(20, '1172', '11', '1172', 'KOTA SABANG', NULL, NULL, NULL),
	(21, '1174', '11', '1173', 'KOTA LANGSA', NULL, NULL, NULL),
	(22, '1173', '11', '1174', 'KOTA LHOKSEUMAWE', NULL, NULL, NULL),
	(23, '1175', '11', '1175', 'KOTA SUBULUSSALAM', NULL, NULL, NULL),
	(24, '1204', '12', '1201', 'KAB. NIAS', NULL, NULL, NULL),
	(25, '1213', '12', '1202', 'KAB. MANDAILING NATAL', NULL, NULL, NULL),
	(26, '1203', '12', '1203', 'KAB. TAPANULI SELATAN', NULL, NULL, NULL),
	(27, '1201', '12', '1204', 'KAB. TAPANULI TENGAH', NULL, NULL, NULL),
	(28, '1202', '12', '1205', 'KAB. TAPANULI UTARA', NULL, NULL, NULL),
	(29, '1212', '12', '1206', 'KAB. TOBA SAMOSIR', NULL, NULL, NULL),
	(30, '1210', '12', '1207', 'KAB. LABUHANBATU', NULL, NULL, NULL),
	(31, '1209', '12', '1208', 'KAB. ASAHAN', NULL, NULL, NULL),
	(32, '1208', '12', '1209', 'KAB. SIMALUNGUN', NULL, NULL, NULL),
	(33, '1211', '12', '1210', 'KAB. DAIRI', NULL, NULL, NULL),
	(34, '1206', '12', '1211', 'KAB. KARO', NULL, NULL, NULL),
	(35, '1207', '12', '1212', 'KAB. DELI SERDANG', NULL, NULL, NULL),
	(36, '1205', '12', '1213', 'KAB. LANGKAT', NULL, NULL, NULL),
	(37, '1214', '12', '1214', 'KAB. NIAS SELATAN', NULL, NULL, NULL),
	(38, '1216', '12', '1215', 'KAB. HUMBANG HASUNDUTAN', NULL, NULL, NULL),
	(39, '1215', '12', '1216', 'KAB. PAKPAK BHARAT', NULL, NULL, NULL),
	(40, '1217', '12', '1217', 'KAB. SAMOSIR', NULL, NULL, NULL),
	(41, '1218', '12', '1218', 'KAB. SERDANG BEDAGAI', NULL, NULL, NULL),
	(42, '1219', '12', '1219', 'KAB. BATU BARA', NULL, NULL, NULL),
	(43, '1220', '12', '1220', 'KAB. PADANG LAWAS UTARA', NULL, NULL, NULL),
	(44, '1221', '12', '1221', 'KAB. PADANG LAWAS', NULL, NULL, NULL),
	(45, '1222', '12', '1222', 'KAB. LABUHANBATU SELATAN', NULL, NULL, NULL),
	(46, '1223', '12', '1223', 'KAB. LABUHANBATU UTARA', NULL, NULL, NULL),
	(47, '1224', '12', '1224', 'KAB. NIAS UTARA', NULL, NULL, NULL),
	(48, '1225', '12', '1225', 'KAB. NIAS BARAT', NULL, NULL, NULL),
	(49, '1273', '12', '1271', 'KOTA SIBOLGA', NULL, NULL, NULL),
	(50, '1274', '12', '1272', 'KOTA TANJUNG BALAI', NULL, NULL, NULL),
	(51, '1272', '12', '1273', 'KOTA PEMATANG SIANTAR', NULL, NULL, NULL),
	(52, '1276', '12', '1274', 'KOTA TEBING TINGGI', NULL, NULL, NULL),
	(53, '1271', '12', '1275', 'KOTA MEDAN', NULL, NULL, NULL),
	(54, '1275', '12', '1276', 'KOTA BINJAI', NULL, NULL, NULL),
	(55, '1277', '12', '1277', 'KOTA PADANGSIDIMPUAN', NULL, NULL, NULL),
	(56, '1278', '12', '1278', 'KOTA GUNUNGSITOLI', NULL, NULL, NULL),
	(57, '1309', '13', '1301', 'KAB. KEPULAUAN MENTAWAI', NULL, NULL, NULL),
	(58, '1301', '13', '1302', 'KAB. PESISIR SELATAN', NULL, NULL, NULL),
	(59, '1302', '13', '1303', 'KAB. SOLOK', NULL, NULL, NULL),
	(60, '1303', '13', '1304', 'KAB. SIJUNJUNG', NULL, NULL, NULL),
	(61, '1304', '13', '1305', 'KAB. TANAH DATAR', NULL, NULL, NULL),
	(62, '1305', '13', '1306', 'KAB. PADANG PARIAMAN', NULL, NULL, NULL),
	(63, '1306', '13', '1307', 'KAB. AGAM', NULL, NULL, NULL),
	(64, '1307', '13', '1308', 'KAB. LIMA PULUH KOTA', NULL, NULL, NULL),
	(65, '1308', '13', '1309', 'KAB. PASAMAN', NULL, NULL, NULL),
	(66, '1311', '13', '1310', 'KAB. SOLOK SELATAN', NULL, NULL, NULL),
	(67, '1310', '13', '1311', 'KAB. DHARMASRAYA', NULL, NULL, NULL),
	(68, '1312', '13', '1312', 'KAB. PASAMAN BARAT', NULL, NULL, NULL),
	(69, '1371', '13', '1371', 'KOTA PADANG', NULL, NULL, NULL),
	(70, '1372', '13', '1372', 'KOTA SOLOK', NULL, NULL, NULL),
	(71, '1373', '13', '1373', 'KOTA SAWAHLUNTO', NULL, NULL, NULL),
	(72, '1374', '13', '1374', 'KOTA PADANG PANJANG', NULL, NULL, NULL),
	(73, '1375', '13', '1375', 'KOTA BUKITTINGGI', NULL, NULL, NULL),
	(74, '1376', '13', '1376', 'KOTA PAYAKUMBUH', NULL, NULL, NULL),
	(75, '1377', '13', '1377', 'KOTA PARIAMAN', NULL, NULL, NULL),
	(76, '1409', '14', '1401', 'KAB. KUANTAN SINGINGI', NULL, NULL, NULL),
	(77, '1402', '14', '1402', 'KAB. INDRAGIRI HULU', NULL, NULL, NULL),
	(78, '1404', '14', '1403', 'KAB. INDRAGIRI HILIR', NULL, NULL, NULL),
	(79, '1405', '14', '1404', 'KAB.  PELALAWAN', NULL, NULL, NULL),
	(80, '1408', '14', '1405', 'KAB.  SIAK', NULL, NULL, NULL),
	(81, '1401', '14', '1406', 'KAB. KAMPAR', NULL, NULL, NULL),
	(82, '1406', '14', '1407', 'KAB.  ROKAN HULU', NULL, NULL, NULL),
	(83, '1403', '14', '1408', 'KAB. BENGKALIS', NULL, NULL, NULL),
	(84, '1407', '14', '1409', 'KAB.  ROKAN HILIR', NULL, NULL, NULL),
	(85, '1410', '14', '1410', 'KAB. KEPULAUAN MERANTI', NULL, NULL, NULL),
	(86, '1471', '14', '1471', 'KOTA PEKANBARU', NULL, NULL, NULL),
	(87, '1472', '14', '1473', 'KOTA DUMAI', NULL, NULL, NULL),
	(88, '1501', '15', '1501', 'KAB.  KERINCI', NULL, NULL, NULL),
	(89, '1502', '15', '1502', 'KAB.  MERANGIN', NULL, NULL, NULL),
	(90, '1503', '15', '1503', 'KAB. SAROLANGUN', NULL, NULL, NULL),
	(91, '1504', '15', '1504', 'KAB. BATANGHARI', NULL, NULL, NULL),
	(92, '1505', '15', '1505', 'KAB.  MUARO JAMBI', NULL, NULL, NULL),
	(93, '1507', '15', '1506', 'KAB. TANJUNG JABUNG TIMUR', NULL, NULL, NULL),
	(94, '1506', '15', '1507', 'KAB. TANJUNG JABUNG BARAT', NULL, NULL, NULL),
	(95, '1509', '15', '1508', 'KAB. TEBO', NULL, NULL, NULL),
	(96, '1508', '15', '1509', 'KAB. BUNGO', NULL, NULL, NULL),
	(97, '1571', '15', '1571', 'KOTA JAMBI', NULL, NULL, NULL),
	(98, '1572', '15', '1572', 'KOTA SUNGAI PENUH', NULL, NULL, NULL),
	(99, '1601', '16', '1601', 'KAB. OGAN KOMERING ULU', NULL, NULL, NULL),
	(100, '1602', '16', '1602', 'KAB. OGAN KOMERING ILIR', NULL, NULL, NULL),
	(101, '1603', '16', '1603', 'KAB. MUARA ENIM', NULL, NULL, NULL),
	(102, '1604', '16', '1604', 'KAB. LAHAT', NULL, NULL, NULL),
	(103, '1605', '16', '1605', 'KAB. MUSI RAWAS', NULL, NULL, NULL),
	(104, '1606', '16', '1606', 'KAB. MUSI BANYUASIN', NULL, NULL, NULL),
	(105, '1607', '16', '1607', 'KAB. BANYUASIN', NULL, NULL, NULL),
	(106, '1609', '16', '1608', 'KAB. OGAN KOMERING ULU SELATAN', NULL, NULL, NULL),
	(107, '1608', '16', '1609', 'KAB. OGAN KOMERING ULU TIMUR', NULL, NULL, NULL),
	(108, '1610', '16', '1610', 'KAB. OGAN ILIR', NULL, NULL, NULL),
	(109, '1611', '16', '1611', 'KAB. EMPAT LAWANG', NULL, NULL, NULL),
	(110, '1612', '16', '1612', 'KAB. PENUKAL ABAB LEMATANG ILIR', NULL, NULL, NULL),
	(111, '1613', '16', '1613', 'KAB. MUSI RAWAS UTARA', NULL, NULL, NULL),
	(112, '1671', '16', '1671', 'KOTA PALEMBANG', NULL, NULL, NULL),
	(113, '1674', '16', '1672', 'KOTA PRABUMULIH', NULL, NULL, NULL),
	(114, '1672', '16', '1673', 'KOTA PAGAR ALAM', NULL, NULL, NULL),
	(115, '1673', '16', '1674', 'KOTA LUBUK LINGGAU', NULL, NULL, NULL),
	(116, '1701', '17', '1701', 'KAB. BENGKULU SELATAN', NULL, NULL, NULL),
	(117, '1702', '17', '1702', 'KAB. REJANG LEBONG', NULL, NULL, NULL),
	(118, '1703', '17', '1703', 'KAB. BENGKULU UTARA', NULL, NULL, NULL),
	(119, '1704', '17', '1704', 'KAB. KAUR', NULL, NULL, NULL),
	(120, '1705', '17', '1705', 'KAB. SELUMA', NULL, NULL, NULL),
	(121, '1706', '17', '1706', 'KAB. MUKO MUKO', NULL, NULL, NULL),
	(122, '1707', '17', '1707', 'KAB. LEBONG', NULL, NULL, NULL),
	(123, '1708', '17', '1708', 'KAB. KEPAHIANG', NULL, NULL, NULL),
	(124, '1709', '17', '1709', 'KAB. BENGKULU TENGAH', NULL, NULL, NULL),
	(125, '1771', '17', '1771', 'KOTA BENGKULU', NULL, NULL, NULL),
	(126, '1804', '18', '1801', 'KAB. LAMPUNG BARAT', NULL, NULL, NULL),
	(127, '1806', '18', '1802', 'KAB. TANGGAMUS', NULL, NULL, NULL),
	(128, '1801', '18', '1803', 'KAB. LAMPUNG SELATAN', NULL, NULL, NULL),
	(129, '1807', '18', '1804', 'KAB. LAMPUNG TIMUR', NULL, NULL, NULL),
	(130, '1802', '18', '1805', 'KAB. LAMPUNG TENGAH', NULL, NULL, NULL),
	(131, '1803', '18', '1806', 'KAB. LAMPUNG UTARA', NULL, NULL, NULL),
	(132, '1808', '18', '1807', 'KAB. WAY KANAN', NULL, NULL, NULL),
	(133, '1805', '18', '1808', 'KAB. TULANG BAWANG', NULL, NULL, NULL),
	(134, '1809', '18', '1809', 'KAB. PESAWARAN', NULL, NULL, NULL),
	(135, '1810', '18', '1810', 'KAB. PRINGSEWU', NULL, NULL, NULL),
	(136, '1811', '18', '1811', 'KAB. MESUJI', NULL, NULL, NULL),
	(137, '1812', '18', '1812', 'KAB. TULANG BAWANG BARAT', NULL, NULL, NULL),
	(138, '1813', '18', '1813', 'KAB. PESISIR BARAT', NULL, NULL, NULL),
	(139, '1871', '18', '1871', 'KOTA BANDAR LAMPUNG', NULL, NULL, NULL),
	(140, '1872', '18', '1872', 'KOTA METRO', NULL, NULL, NULL),
	(141, '1901', '19', '1901', 'KAB. BANGKA', NULL, NULL, NULL),
	(142, '1902', '19', '1902', 'KAB. BELITUNG', NULL, NULL, NULL),
	(143, '1905', '19', '1903', 'KAB. BANGKA BARAT', NULL, NULL, NULL),
	(144, '1904', '19', '1904', 'KAB. BANGKA TENGAH', NULL, NULL, NULL),
	(145, '1903', '19', '1905', 'KAB. BANGKA SELATAN', NULL, NULL, NULL),
	(146, '1906', '19', '1906', 'KAB. BELITUNG TIMUR', NULL, NULL, NULL),
	(147, '1971', '19', '1971', 'KOTA PANGKAL PINANG', NULL, NULL, NULL),
	(148, '2102', '21', '2101', 'KAB. KARIMUN', NULL, NULL, NULL),
	(149, '2101', '21', '2102', 'KAB. BINTAN', NULL, NULL, NULL),
	(150, '2103', '21', '2103', 'KAB. NATUNA', NULL, NULL, NULL),
	(151, '2104', '21', '2104', 'KAB. LINGGA', NULL, NULL, NULL),
	(152, '2105', '21', '2105', 'KAB. KEPULAUAN ANAMBAS', NULL, NULL, NULL),
	(153, '2171', '21', '2171', 'KOTA BATAM', NULL, NULL, NULL),
	(154, '2172', '21', '2172', 'KOTA TANJUNG PINANG', NULL, NULL, NULL),
	(155, '3101', '31', '3101', 'KAB. ADM. KEP. SERIBU', NULL, NULL, NULL),
	(156, '3174', '31', '3171', 'KOTA ADM. JAKARTA SELATAN', NULL, NULL, NULL),
	(157, '3175', '31', '3172', 'KOTA ADM. JAKARTA TIMUR', NULL, NULL, NULL),
	(158, '3171', '31', '3173', 'KOTA ADM. JAKARTA PUSAT', NULL, NULL, NULL),
	(159, '3173', '31', '3174', 'KOTA ADM. JAKARTA BARAT', NULL, NULL, NULL),
	(160, '3172', '31', '3175', 'KOTA ADM. JAKARTA UTARA', NULL, NULL, NULL),
	(161, '3201', '32', '3201', 'KAB. BOGOR', NULL, NULL, NULL),
	(162, '3202', '32', '3202', 'KAB. SUKABUMI', NULL, NULL, NULL),
	(163, '3203', '32', '3203', 'KAB. CIANJUR', NULL, NULL, NULL),
	(164, '3204', '32', '3204', 'KAB. BANDUNG', NULL, NULL, NULL),
	(165, '3205', '32', '3205', 'KAB. GARUT', NULL, NULL, NULL),
	(166, '3206', '32', '3206', 'KAB. TASIKMALAYA', NULL, NULL, NULL),
	(167, '3207', '32', '3207', 'KAB. CIAMIS', NULL, NULL, NULL),
	(168, '3208', '32', '3208', 'KAB. KUNINGAN', NULL, NULL, NULL),
	(169, '3209', '32', '3209', 'KAB. CIREBON', NULL, NULL, NULL),
	(170, '3210', '32', '3210', 'KAB. MAJALENGKA', NULL, NULL, NULL),
	(171, '3211', '32', '3211', 'KAB. SUMEDANG', NULL, NULL, NULL),
	(172, '3212', '32', '3212', 'KAB. INDRAMAYU', NULL, NULL, NULL),
	(173, '3213', '32', '3213', 'KAB. SUBANG', NULL, NULL, NULL),
	(174, '3214', '32', '3214', 'KAB. PURWAKARTA', NULL, NULL, NULL),
	(175, '3215', '32', '3215', 'KAB. KARAWANG', NULL, NULL, NULL),
	(176, '3216', '32', '3216', 'KAB. BEKASI', NULL, NULL, NULL),
	(177, '3217', '32', '3217', 'KAB. BANDUNG BARAT', NULL, NULL, NULL),
	(178, '3218', '32', '3218', 'KAB. PANGANDARAN', NULL, NULL, NULL),
	(179, '3271', '32', '3271', 'KOTA BOGOR', NULL, NULL, NULL),
	(180, '3272', '32', '3272', 'KOTA SUKABUMI', NULL, NULL, NULL),
	(181, '3273', '32', '3273', 'KOTA BANDUNG', NULL, NULL, NULL),
	(182, '3274', '32', '3274', 'KOTA CIREBON', NULL, NULL, NULL),
	(183, '3275', '32', '3275', 'KOTA BEKASI', NULL, NULL, NULL),
	(184, '3276', '32', '3276', 'KOTA DEPOK', NULL, NULL, NULL),
	(185, '3277', '32', '3277', 'KOTA CIMAHI', NULL, NULL, NULL),
	(186, '3278', '32', '3278', 'KOTA TASIKMALAYA', NULL, NULL, NULL),
	(187, '3279', '32', '3279', 'KOTA BANJAR', NULL, NULL, NULL),
	(188, '3301', '33', '3301', 'KAB. CILACAP', NULL, NULL, NULL),
	(189, '3302', '33', '3302', 'KAB. BANYUMAS', NULL, NULL, NULL),
	(190, '3303', '33', '3303', 'KAB. PURBALINGGA', NULL, NULL, NULL),
	(191, '3304', '33', '3304', 'KAB. BANJARNEGARA', NULL, NULL, NULL),
	(192, '3305', '33', '3305', 'KAB. KEBUMEN', NULL, NULL, NULL),
	(193, '3306', '33', '3306', 'KAB. PURWOREJO', NULL, NULL, NULL),
	(194, '3307', '33', '3307', 'KAB. WONOSOBO', NULL, NULL, NULL),
	(195, '3308', '33', '3308', 'KAB. MAGELANG', NULL, NULL, NULL),
	(196, '3309', '33', '3309', 'KAB. BOYOLALI', NULL, NULL, NULL),
	(197, '3310', '33', '3310', 'KAB. KLATEN', NULL, NULL, NULL),
	(198, '3311', '33', '3311', 'KAB. SUKOHARJO', NULL, NULL, NULL),
	(199, '3312', '33', '3312', 'KAB. WONOGIRI', NULL, NULL, NULL),
	(200, '3313', '33', '3313', 'KAB. KARANGANYAR', NULL, NULL, NULL),
	(201, '3314', '33', '3314', 'KAB. SRAGEN', NULL, NULL, NULL),
	(202, '3315', '33', '3315', 'KAB. GROBOGAN', NULL, NULL, NULL),
	(203, '3316', '33', '3316', 'KAB. BLORA', NULL, NULL, NULL),
	(204, '3317', '33', '3317', 'KAB. REMBANG', NULL, NULL, NULL),
	(205, '3318', '33', '3318', 'KAB. PATI', NULL, NULL, NULL),
	(206, '3319', '33', '3319', 'KAB. KUDUS', NULL, NULL, NULL),
	(207, '3320', '33', '3320', 'KAB. JEPARA', NULL, NULL, NULL),
	(208, '3321', '33', '3321', 'KAB. DEMAK', NULL, NULL, NULL),
	(209, '3322', '33', '3322', 'KAB. SEMARANG', NULL, NULL, NULL),
	(210, '3323', '33', '3323', 'KAB. TEMANGGUNG', NULL, NULL, NULL),
	(211, '3324', '33', '3324', 'KAB. KENDAL', NULL, NULL, NULL),
	(212, '3325', '33', '3325', 'KAB. BATANG', NULL, NULL, NULL),
	(213, '3326', '33', '3326', 'KAB. PEKALONGAN', NULL, NULL, NULL),
	(214, '3327', '33', '3327', 'KAB. PEMALANG', NULL, NULL, NULL),
	(215, '3328', '33', '3328', 'KAB. TEGAL', NULL, NULL, NULL),
	(216, '3329', '33', '3329', 'KAB. BREBES', NULL, NULL, NULL),
	(217, '3371', '33', '3371', 'KOTA MAGELANG', NULL, NULL, NULL),
	(218, '3372', '33', '3372', 'KOTA SURAKARTA', NULL, NULL, NULL),
	(219, '3373', '33', '3373', 'KOTA SALATIGA', NULL, NULL, NULL),
	(220, '3374', '33', '3374', 'KOTA SEMARANG', NULL, NULL, NULL),
	(221, '3375', '33', '3375', 'KOTA PEKALONGAN', NULL, NULL, NULL),
	(222, '3376', '33', '3376', 'KOTA TEGAL', NULL, NULL, NULL),
	(223, '3401', '34', '3401', 'KAB. KULON PROGO', NULL, NULL, NULL),
	(224, '3402', '34', '3402', 'KAB. BANTUL', NULL, NULL, NULL),
	(225, '3403', '34', '3403', 'KAB. GUNUNGKIDUL', NULL, NULL, NULL),
	(226, '3404', '34', '3404', 'KAB. SLEMAN', NULL, NULL, NULL),
	(227, '3471', '34', '3471', 'KOTA YOGYAKARTA', NULL, NULL, NULL),
	(228, '3501', '35', '3501', 'KAB. PACITAN', NULL, NULL, NULL),
	(229, '3502', '35', '3502', 'KAB. PONOROGO', NULL, NULL, NULL),
	(230, '3503', '35', '3503', 'KAB. TRENGGALEK', NULL, NULL, NULL),
	(231, '3504', '35', '3504', 'KAB. TULUNGAGUNG', NULL, NULL, NULL),
	(232, '3505', '35', '3505', 'KAB. BLITAR', NULL, NULL, NULL),
	(233, '3506', '35', '3506', 'KAB. KEDIRI', NULL, NULL, NULL),
	(234, '3507', '35', '3507', 'KAB. MALANG', NULL, NULL, NULL),
	(235, '3508', '35', '3508', 'KAB. LUMAJANG', NULL, NULL, NULL),
	(236, '3509', '35', '3509', 'KAB. JEMBER', NULL, NULL, NULL),
	(237, '3510', '35', '3510', 'KAB. BANYUWANGI', NULL, NULL, NULL),
	(238, '3511', '35', '3511', 'KAB. BONDOWOSO', NULL, NULL, NULL),
	(239, '3512', '35', '3512', 'KAB. SITUBONDO', NULL, NULL, NULL),
	(240, '3513', '35', '3513', 'KAB. PROBOLINGGO', NULL, NULL, NULL),
	(241, '3514', '35', '3514', 'KAB. PASURUAN', NULL, NULL, NULL),
	(242, '3515', '35', '3515', 'KAB. SIDOARJO', NULL, NULL, NULL),
	(243, '3516', '35', '3516', 'KAB. MOJOKERTO', NULL, NULL, NULL),
	(244, '3517', '35', '3517', 'KAB. JOMBANG', NULL, NULL, NULL),
	(245, '3518', '35', '3518', 'KAB. NGANJUK', NULL, NULL, NULL),
	(246, '3519', '35', '3519', 'KAB. MADIUN', NULL, NULL, NULL),
	(247, '3520', '35', '3520', 'KAB. MAGETAN', NULL, NULL, NULL),
	(248, '3521', '35', '3521', 'KAB. NGAWI', NULL, NULL, NULL),
	(249, '3522', '35', '3522', 'KAB. BOJONEGORO', NULL, NULL, NULL),
	(250, '3523', '35', '3523', 'KAB. TUBAN', NULL, NULL, NULL),
	(251, '3524', '35', '3524', 'KAB. LAMONGAN', NULL, NULL, NULL),
	(252, '3525', '35', '3525', 'KAB. GRESIK', NULL, NULL, NULL),
	(253, '3526', '35', '3526', 'KAB. BANGKALAN', NULL, NULL, NULL),
	(254, '3527', '35', '3527', 'KAB. SAMPANG', NULL, NULL, NULL),
	(255, '3528', '35', '3528', 'KAB. PAMEKASAN', NULL, NULL, NULL),
	(256, '3529', '35', '3529', 'KAB. SUMENEP', NULL, NULL, NULL),
	(257, '3571', '35', '3571', 'KOTA KEDIRI', NULL, NULL, NULL),
	(258, '3572', '35', '3572', 'KOTA BLITAR', NULL, NULL, NULL),
	(259, '3573', '35', '3573', 'KOTA MALANG', NULL, NULL, NULL),
	(260, '3574', '35', '3574', 'KOTA PROBOLINGGO', NULL, NULL, NULL),
	(261, '3575', '35', '3575', 'KOTA PASURUAN', NULL, NULL, NULL),
	(262, '3576', '35', '3576', 'KOTA MOJOKERTO', NULL, NULL, NULL),
	(263, '3577', '35', '3577', 'KOTA MADIUN', NULL, NULL, NULL),
	(264, '3578', '35', '3578', 'KOTA SURABAYA', NULL, NULL, NULL),
	(265, '3579', '35', '3579', 'KOTA BATU', NULL, NULL, NULL),
	(266, '3601', '36', '3601', 'KAB. PANDEGLANG', NULL, NULL, NULL),
	(267, '3602', '36', '3602', 'KAB. LEBAK', NULL, NULL, NULL),
	(268, '3603', '36', '3603', 'KAB. TANGERANG', NULL, NULL, NULL),
	(269, '3604', '36', '3604', 'KAB. SERANG', NULL, NULL, NULL),
	(270, '3671', '36', '3671', 'KOTA TANGERANG', NULL, NULL, NULL),
	(271, '3672', '36', '3672', 'KOTA CILEGON', NULL, NULL, NULL),
	(272, '3673', '36', '3673', 'KOTA SERANG', NULL, NULL, NULL),
	(273, '3674', '36', '3674', 'KOTA TANGERANG SELATAN', NULL, NULL, NULL),
	(274, '5101', '51', '5101', 'KAB. JEMBRANA', NULL, NULL, NULL),
	(275, '5102', '51', '5102', 'KAB. TABANAN', NULL, NULL, NULL),
	(276, '5103', '51', '5103', 'KAB. BADUNG', NULL, NULL, NULL),
	(277, '5104', '51', '5104', 'KAB. GIANYAR', NULL, NULL, NULL),
	(278, '5105', '51', '5105', 'KAB. KLUNGKUNG', NULL, NULL, NULL),
	(279, '5106', '51', '5106', 'KAB. BANGLI', NULL, NULL, NULL),
	(280, '5107', '51', '5107', 'KAB. KARANGASEM', NULL, NULL, NULL),
	(281, '5108', '51', '5108', 'KAB. BULELENG', NULL, NULL, NULL),
	(282, '5171', '51', '5171', 'KOTA DENPASAR', NULL, NULL, NULL),
	(283, '5201', '52', '5201', 'KAB. LOMBOK BARAT', NULL, NULL, NULL),
	(284, '5202', '52', '5202', 'KAB. LOMBOK TENGAH', NULL, NULL, NULL),
	(285, '5203', '52', '5203', 'KAB. LOMBOK TIMUR', NULL, NULL, NULL),
	(286, '5204', '52', '5204', 'KAB. SUMBAWA', NULL, NULL, NULL),
	(287, '5205', '52', '5205', 'KAB. DOMPU', NULL, NULL, NULL),
	(288, '5206', '52', '5206', 'KAB. BIMA', NULL, NULL, NULL),
	(289, '5207', '52', '5207', 'KAB. SUMBAWA BARAT', NULL, NULL, NULL),
	(290, '5208', '52', '5208', 'KAB. LOMBOK UTARA', NULL, NULL, NULL),
	(291, '5271', '52', '5271', 'KOTA MATARAM', NULL, NULL, NULL),
	(292, '5272', '52', '5272', 'KOTA BIMA', NULL, NULL, NULL),
	(293, '5312', '53', '5301', 'KAB. SUMBA BARAT', NULL, NULL, NULL),
	(294, '5311', '53', '5302', 'KAB. SUMBA TIMUR', NULL, NULL, NULL),
	(295, '5301', '53', '5303', 'KAB. KUPANG', NULL, NULL, NULL),
	(296, '5302', '53', '5304', 'KAB TIMOR TENGAH SELATAN', NULL, NULL, NULL),
	(297, '5303', '53', '5305', 'KAB. TIMOR TENGAH UTARA', NULL, NULL, NULL),
	(298, '5304', '53', '5306', 'KAB. BELU', NULL, NULL, NULL),
	(299, '5305', '53', '5307', 'KAB. ALOR', NULL, NULL, NULL),
	(300, '5313', '53', '5308', 'KAB. LEMBATA', NULL, NULL, NULL),
	(301, '5306', '53', '5309', 'KAB. FLORES TIMUR', NULL, NULL, NULL),
	(302, '5307', '53', '5310', 'KAB. SIKKA', NULL, NULL, NULL),
	(303, '5308', '53', '5311', 'KAB. ENDE', NULL, NULL, NULL),
	(304, '5309', '53', '5312', 'KAB. NGADA', NULL, NULL, NULL),
	(305, '5310', '53', '5313', 'KAB. MANGGARAI', NULL, NULL, NULL),
	(306, '5314', '53', '5314', 'KAB. ROTE NDAO', NULL, NULL, NULL),
	(307, '5315', '53', '5315', 'KAB. MANGGARAI BARAT', NULL, NULL, NULL),
	(308, '5317', '53', '5316', 'KAB. SUMBA TENGAH', NULL, NULL, NULL),
	(309, '5318', '53', '5317', 'KAB. SUMBA BARAT DAYA', NULL, NULL, NULL),
	(310, '5316', '53', '5318', 'KAB. NAGEKEO', NULL, NULL, NULL),
	(311, '5319', '53', '5319', 'KAB. MANGGARAI TIMUR', NULL, NULL, NULL),
	(312, '5320', '53', '5320', 'KAB. SABU RAIJUA', NULL, NULL, NULL),
	(313, '5321', '53', '5321', 'KAB. MALAKA', NULL, NULL, NULL),
	(314, '5371', '53', '5371', 'KOTA KUPANG', NULL, NULL, NULL),
	(315, '6101', '61', '6101', 'KAB. SAMBAS', NULL, NULL, NULL),
	(316, '6107', '61', '6102', 'KAB. BENGKAYANG', NULL, NULL, NULL),
	(317, '6108', '61', '6103', 'KAB. LANDAK', NULL, NULL, NULL),
	(318, '6102', '61', '6104', 'KAB. MEMPAWAH', NULL, NULL, NULL),
	(319, '6103', '61', '6105', 'KAB. SANGGAU', NULL, NULL, NULL),
	(320, '6104', '61', '6106', 'KAB. KETAPANG', NULL, NULL, NULL),
	(321, '6105', '61', '6107', 'KAB. SINTANG', NULL, NULL, NULL),
	(322, '6106', '61', '6108', 'KAB. KAPUAS HULU', NULL, NULL, NULL),
	(323, '6109', '61', '6109', 'KAB. SEKADAU', NULL, NULL, NULL),
	(324, '6110', '61', '6110', 'KAB. MELAWI', NULL, NULL, NULL),
	(325, '6111', '61', '6111', 'KAB. KAYONG UTARA', NULL, NULL, NULL),
	(326, '6112', '61', '6112', 'KAB. KUBU RAYA', NULL, NULL, NULL),
	(327, '6171', '61', '6171', 'KOTA PONTIANAK', NULL, NULL, NULL),
	(328, '6172', '61', '6172', 'KOTA SINGKAWANG', NULL, NULL, NULL),
	(329, '6201', '62', '6201', 'KAB. KOTAWARINGIN BARAT', NULL, NULL, NULL),
	(330, '6202', '62', '6202', 'KAB. KOTAWARINGIN TIMUR', NULL, NULL, NULL),
	(331, '6203', '62', '6203', 'KAB. KAPUAS', NULL, NULL, NULL),
	(332, '6204', '62', '6204', 'KAB. BARITO SELATAN', NULL, NULL, NULL),
	(333, '6205', '62', '6205', 'KAB. BARITO UTARA', NULL, NULL, NULL),
	(334, '6208', '62', '6206', 'KAB. SUKAMARA', NULL, NULL, NULL),
	(335, '6209', '62', '6207', 'KAB. LAMANDAU', NULL, NULL, NULL),
	(336, '6207', '62', '6208', 'KAB. SERUYAN', NULL, NULL, NULL),
	(337, '6206', '62', '6209', 'KAB. KATINGAN', NULL, NULL, NULL),
	(338, '6211', '62', '6210', 'KAB. PULANG PISAU', NULL, NULL, NULL),
	(339, '6210', '62', '6211', 'KAB. GUNUNG MAS', NULL, NULL, NULL),
	(340, '6213', '62', '6212', 'KAB. BARITO TIMUR', NULL, NULL, NULL),
	(341, '6212', '62', '6213', 'KAB. MURUNG RAYA', NULL, NULL, NULL),
	(342, '6271', '62', '6271', 'KOTA PALANGKARAYA', NULL, NULL, NULL),
	(343, '6301', '63', '6301', 'KAB. TANAH LAUT', NULL, NULL, NULL),
	(344, '6302', '63', '6302', 'KAB. KOTABARU', NULL, NULL, NULL),
	(345, '6303', '63', '6303', 'KAB. BANJAR', NULL, NULL, NULL),
	(346, '6304', '63', '6304', 'KAB. BARITO KUALA', NULL, NULL, NULL),
	(347, '6305', '63', '6305', 'KAB. TAPIN', NULL, NULL, NULL),
	(348, '6306', '63', '6306', 'KAB. HULU SUNGAI SELATAN', NULL, NULL, NULL),
	(349, '6307', '63', '6307', 'KAB. HULU SUNGAI TENGAH', NULL, NULL, NULL),
	(350, '6308', '63', '6308', 'KAB. HULU SUNGAI UTARA', NULL, NULL, NULL),
	(351, '6309', '63', '6309', 'KAB. TABALONG', NULL, NULL, NULL),
	(352, '6310', '63', '6310', 'KAB. TANAH BUMBU', NULL, NULL, NULL),
	(353, '6311', '63', '6311', 'KAB. BALANGAN', NULL, NULL, NULL),
	(354, '6371', '63', '6371', 'KOTA BANJARMASIN', NULL, NULL, NULL),
	(355, '6372', '63', '6372', 'KOTA BANJARBARU', NULL, NULL, NULL),
	(356, '6401', '64', '6401', 'KAB. PASER', NULL, NULL, NULL),
	(357, '6407', '64', '6402', 'KAB. KUTAI BARAT', NULL, NULL, NULL),
	(358, '6402', '64', '6403', 'KAB. KUTAI KARTANEGARA', NULL, NULL, NULL),
	(359, '6408', '64', '6404', 'KAB. KUTAI TIMUR', NULL, NULL, NULL),
	(360, '6403', '64', '6405', 'KAB. BERAU', NULL, NULL, NULL),
	(361, '6409', '64', '6409', 'KAB. PENAJAM PASER UTARA', NULL, NULL, NULL),
	(362, '6411', '64', '6411', 'KAB. MAHAKAM ULU', NULL, NULL, NULL),
	(363, '6471', '64', '6471', 'KOTA BALIKPAPAN', NULL, NULL, NULL),
	(364, '6472', '64', '6472', 'KOTA SAMARINDA', NULL, NULL, NULL),
	(365, '6474', '64', '6474', 'KOTA BONTANG', NULL, NULL, NULL),
	(366, '6502', '65', '6501', 'KAB. MALINAU', NULL, NULL, NULL),
	(367, '6501', '65', '6502', 'KAB. BULUNGAN', NULL, NULL, NULL),
	(368, '6504', '65', '6503', 'KAB. TANA TIDUNG', NULL, NULL, NULL),
	(369, '6503', '65', '6504', 'KAB. NUNUKAN', NULL, NULL, NULL),
	(370, '6571', '65', '6571', 'KOTA TARAKAN', NULL, NULL, NULL),
	(371, '7101', '71', '7101', 'KAB. BOLAANG MONGONDOW', NULL, NULL, NULL),
	(372, '7102', '71', '7102', 'KAB. MINAHASA', NULL, NULL, NULL),
	(373, '7103', '71', '7103', 'KAB. KEPULAUAN SANGIHE', NULL, NULL, NULL),
	(374, '7104', '71', '7104', 'KAB. KEPULAUAN TALAUD', NULL, NULL, NULL),
	(375, '7105', '71', '7105', 'KAB. MINAHASA SELATAN', NULL, NULL, NULL),
	(376, '7106', '71', '7106', 'KAB. MINAHASA UTARA', NULL, NULL, NULL),
	(377, '7108', '71', '7107', 'KAB. BOLAANG MONGONDOW UTARA', NULL, NULL, NULL),
	(378, '7109', '71', '7108', 'KAB. KEP. SIAU TAGULANDANG BIARO', NULL, NULL, NULL),
	(379, '7107', '71', '7109', 'KAB. MINAHASA TENGGARA', NULL, NULL, NULL),
	(380, '7111', '71', '7110', 'KAB. BOLAANG MONGONDOW SELATAN', NULL, NULL, NULL),
	(381, '7110', '71', '7111', 'KAB. BOLAANG MONGONDOW TIMUR', NULL, NULL, NULL),
	(382, '7171', '71', '7171', 'KOTA MANADO', NULL, NULL, NULL),
	(383, '7172', '71', '7172', 'KOTA BITUNG', NULL, NULL, NULL),
	(384, '7173', '71', '7173', 'KOTA TOMOHON', NULL, NULL, NULL),
	(385, '7174', '71', '7174', 'KOTA KOTAMOBAGU', NULL, NULL, NULL),
	(386, '7207', '72', '7201', 'KAB. BANGGAI KEPULAUAN', NULL, NULL, NULL),
	(387, '7201', '72', '7202', 'KAB. BANGGAI', NULL, NULL, NULL),
	(388, '7206', '72', '7203', 'KAB. MOROWALI', NULL, NULL, NULL),
	(389, '7202', '72', '7204', 'KAB. POSO', NULL, NULL, NULL),
	(390, '7203', '72', '7205', 'KAB. DONGGALA', NULL, NULL, NULL),
	(391, '7204', '72', '7206', 'KAB. TOLI TOLI', NULL, NULL, NULL),
	(392, '7205', '72', '7207', 'KAB. BUOL', NULL, NULL, NULL),
	(393, '7208', '72', '7208', 'KAB. PARIGI MOUTONG', NULL, NULL, NULL),
	(394, '7209', '72', '7209', 'KAB. TOJO UNA UNA', NULL, NULL, NULL),
	(395, '7210', '72', '7210', 'KAB. SIGI', NULL, NULL, NULL),
	(396, '7211', '72', '7211', 'KAB. BANGGAI LAUT', NULL, NULL, NULL),
	(397, '7212', '72', '7212', 'KAB. MOROWALI UTARA', NULL, NULL, NULL),
	(398, '7271', '72', '7271', 'KOTA PALU', NULL, NULL, NULL),
	(399, '7301', '73', '7301', 'KAB. KEPULAUAN SELAYAR', NULL, NULL, NULL),
	(400, '7302', '73', '7302', 'KAB. BULUKUMBA', NULL, NULL, NULL),
	(401, '7303', '73', '7303', 'KAB. BANTAENG', NULL, NULL, NULL),
	(402, '7304', '73', '7304', 'KAB. JENEPONTO', NULL, NULL, NULL),
	(403, '7305', '73', '7305', 'KAB. TAKALAR', NULL, NULL, NULL),
	(404, '7306', '73', '7306', 'KAB. GOWA', NULL, NULL, NULL),
	(405, '7307', '73', '7307', 'KAB. SINJAI', NULL, NULL, NULL),
	(406, '7309', '73', '7308', 'KAB. MAROS', NULL, NULL, NULL),
	(407, '7310', '73', '7309', 'KAB. PANGKAJENE KEPULAUAN', NULL, NULL, NULL),
	(408, '7311', '73', '7310', 'KAB. BARRU', NULL, NULL, NULL),
	(409, '7308', '73', '7311', 'KAB. BONE', NULL, NULL, NULL),
	(410, '7312', '73', '7312', 'KAB. SOPPENG', NULL, NULL, NULL),
	(411, '7313', '73', '7313', 'KAB. WAJO', NULL, NULL, NULL),
	(412, '7314', '73', '7314', 'KAB. SIDENRENG RAPPANG', NULL, NULL, NULL),
	(413, '7315', '73', '7315', 'KAB. PINRANG', NULL, NULL, NULL),
	(414, '7316', '73', '7316', 'KAB. ENREKANG', NULL, NULL, NULL),
	(415, '7317', '73', '7317', 'KAB. LUWU', NULL, NULL, NULL),
	(416, '7318', '73', '7318', 'KAB. TANA TORAJA', NULL, NULL, NULL),
	(417, '7322', '73', '7322', 'KAB. LUWU UTARA', NULL, NULL, NULL),
	(418, '7324', '73', '7325', 'KAB. LUWU TIMUR', NULL, NULL, NULL),
	(419, '7326', '73', '7326', 'KAB. TORAJA UTARA', NULL, NULL, NULL),
	(420, '7371', '73', '7371', 'KOTA MAKASSAR', NULL, NULL, NULL),
	(421, '7372', '73', '7372', 'KOTA PARE PARE', NULL, NULL, NULL),
	(422, '7373', '73', '7373', 'KOTA PALOPO', NULL, NULL, NULL),
	(423, '7404', '74', '7401', 'KAB. BUTON', NULL, NULL, NULL),
	(424, '7403', '74', '7402', 'KAB. MUNA', NULL, NULL, NULL),
	(425, '7402', '74', '7403', 'KAB. KONAWE', NULL, NULL, NULL),
	(426, '7401', '74', '7404', 'KAB. KOLAKA', NULL, NULL, NULL),
	(427, '7405', '74', '7405', 'KAB. KONAWE SELATAN', NULL, NULL, NULL),
	(428, '7406', '74', '7406', 'KAB. BOMBANA', NULL, NULL, NULL),
	(429, '7407', '74', '7407', 'KAB. WAKATOBI', NULL, NULL, NULL),
	(430, '7408', '74', '7408', 'KAB. KOLAKA UTARA', NULL, NULL, NULL),
	(431, '7410', '74', '7409', 'KAB. BUTON UTARA', NULL, NULL, NULL),
	(432, '7409', '74', '7410', 'KAB. KONAWE UTARA', NULL, NULL, NULL),
	(433, '7411', '74', '7411', 'KAB. KOLAKA TIMUR', NULL, NULL, NULL),
	(434, '7412', '74', '7412', 'KAB. KONAWE KEPULAUAN', NULL, NULL, NULL),
	(435, '7413', '74', '7413', 'KAB. MUNA BARAT', NULL, NULL, NULL),
	(436, '7414', '74', '7414', 'KAB. BUTON TENGAH', NULL, NULL, NULL),
	(437, '7415', '74', '7415', 'KAB. BUTON SELATAN', NULL, NULL, NULL),
	(438, '7471', '74', '7471', 'KOTA KENDARI', NULL, NULL, NULL),
	(439, '7472', '74', '7472', 'KOTA BAU BAU', NULL, NULL, NULL),
	(440, '7502', '75', '7501', 'KAB. BOALEMO', NULL, NULL, NULL),
	(441, '7501', '75', '7502', 'KAB. GORONTALO', NULL, NULL, NULL),
	(442, '7504', '75', '7503', 'KAB. PAHUWATO', NULL, NULL, NULL),
	(443, '7503', '75', '7504', 'KAB. BONE BOLANGO', NULL, NULL, NULL),
	(444, '7505', '75', '7505', 'KAB. GORONTALO UTARA', NULL, NULL, NULL),
	(445, '7571', '75', '7571', 'KOTA GORONTALO', NULL, NULL, NULL),
	(446, '7605', '76', '7601', 'KAB. MAJENE', NULL, NULL, NULL),
	(447, '7604', '76', '7602', 'KAB. POLEWALI MANDAR', NULL, NULL, NULL),
	(448, '7603', '76', '7603', 'KAB. MAMASA', NULL, NULL, NULL),
	(449, '7602', '76', '7604', 'KAB. MAMUJU', NULL, NULL, NULL),
	(450, '7601', '76', '7605', 'KAB. MAMUJU UTARA', NULL, NULL, NULL),
	(451, '7606', '76', '7606', 'KAB. MAMUJU TENGAH', NULL, NULL, NULL),
	(452, '8103', '81', '8101', 'KAB MALUKU TENGGARA BARAT', NULL, NULL, NULL),
	(453, '8102', '81', '8102', 'KAB. MALUKU TENGGARA', NULL, NULL, NULL),
	(454, '8101', '81', '8103', 'KAB. MALUKU TENGAH', NULL, NULL, NULL),
	(455, '8104', '81', '8104', 'KAB. BURU', NULL, NULL, NULL),
	(456, '8107', '81', '8105', 'KAB. KEPULAUAN ARU', NULL, NULL, NULL),
	(457, '8106', '81', '8106', 'KAB. SERAM BAGIAN BARAT', NULL, NULL, NULL),
	(458, '8105', '81', '8107', 'KAB. SERAM BAGIAN TIMUR', NULL, NULL, NULL),
	(459, '8108', '81', '8108', 'KAB. MALUKU BARAT DAYA', NULL, NULL, NULL),
	(460, '8109', '81', '8109', 'KAB. BURU SELATAN', NULL, NULL, NULL),
	(461, '8171', '81', '8171', 'KOTA AMBON', NULL, NULL, NULL),
	(462, '8172', '81', '8172', 'KOTA TUAL', NULL, NULL, NULL),
	(463, '8201', '82', '8201', 'KAB. HALMAHERA BARAT', NULL, NULL, NULL),
	(464, '8202', '82', '8202', 'KAB. HALMAHERA TENGAH', NULL, NULL, NULL),
	(465, '8205', '82', '8203', 'KAB. KEPULAUAN SULA', NULL, NULL, NULL),
	(466, '8204', '82', '8204', 'KAB. HALMAHERA SELATAN', NULL, NULL, NULL),
	(467, '8203', '82', '8205', 'KAB. HALMAHERA UTARA', NULL, NULL, NULL),
	(468, '8206', '82', '8206', 'KAB. HALMAHERA TIMUR', NULL, NULL, NULL),
	(469, '8207', '82', '8207', 'KAB. PULAU MOROTAI', NULL, NULL, NULL),
	(470, '8208', '82', '8208', 'KAB. PULAU TALIABU', NULL, NULL, NULL),
	(471, '8271', '82', '8271', 'KOTA TERNATE', NULL, NULL, NULL),
	(472, '8272', '82', '8272', 'KOTA TIDORE KEPULAUAN', NULL, NULL, NULL),
	(473, '9203', '92', '9101', 'KAB. FAK FAK', NULL, NULL, NULL),
	(474, '9208', '92', '9102', 'KAB. KAIMANA', NULL, NULL, NULL),
	(475, '9207', '92', '9103', 'KAB. TELUK WONDAMA', NULL, NULL, NULL),
	(476, '9206', '92', '9104', 'KAB. TELUK BINTUNI', NULL, NULL, NULL),
	(477, '9202', '92', '9105', 'KAB. MANOKWARI', NULL, NULL, NULL),
	(478, '9204', '92', '9106', 'KAB. SORONG SELATAN', NULL, NULL, NULL),
	(479, '9201', '92', '9107', 'KAB. SORONG', NULL, NULL, NULL),
	(480, '9205', '92', '9108', 'KAB. RAJA AMPAT', NULL, NULL, NULL),
	(481, '9209', '92', '9109', 'KAB. TAMBRAUW', NULL, NULL, NULL),
	(482, '9210', '92', '9110', 'KAB. MAYBRAT', NULL, NULL, NULL),
	(483, '9211', '92', '9111', 'KAB. MANOKWARI SELATAN', NULL, NULL, NULL),
	(484, '9212', '92', '9112', 'KAB. PEGUNUNGAN ARFAK', NULL, NULL, NULL),
	(485, '9271', '92', '9171', 'KOTA SORONG', NULL, NULL, NULL),
	(486, '9101', '91', '9401', 'KAB. MERAUKE', NULL, NULL, NULL),
	(487, '9102', '91', '9402', 'KAB. JAYAWIJAYA', NULL, NULL, NULL),
	(488, '9103', '91', '9403', 'KAB. JAYAPURA', NULL, NULL, NULL),
	(489, '9104', '91', '9404', 'KAB. NABIRE', NULL, NULL, NULL),
	(490, '9105', '91', '9408', 'KAB. KEPULAUAN YAPEN', NULL, NULL, NULL),
	(491, '9106', '91', '9409', 'KAB. BIAK NUMFOR', NULL, NULL, NULL),
	(492, '9108', '91', '9410', 'KAB. PANIAI', NULL, NULL, NULL),
	(493, '9107', '91', '9411', 'KAB. PUNCAK JAYA', NULL, NULL, NULL),
	(494, '9109', '91', '9412', 'KAB. MIMIKA', NULL, NULL, NULL),
	(495, '9116', '91', '9413', 'KAB. BOVEN DIGOEL', NULL, NULL, NULL),
	(496, '9117', '91', '9414', 'KAB. MAPPI', NULL, NULL, NULL),
	(497, '9118', '91', '9415', 'KAB. ASMAT', NULL, NULL, NULL),
	(498, '9113', '91', '9416', 'KAB. YAHUKIMO', NULL, NULL, NULL),
	(499, '9112', '91', '9417', 'KAB PEGUNUNGAN BINTANG', NULL, NULL, NULL),
	(500, '9114', '91', '9418', 'KAB. TOLIKARA', NULL, NULL, NULL),
	(501, '9110', '91', '9419', 'KAB. SARMI', NULL, NULL, NULL),
	(502, '9111', '91', '9420', 'KAB. KEEROM', NULL, NULL, NULL),
	(503, '9115', '91', '9426', 'KAB. WAROPEN', NULL, NULL, NULL),
	(504, '9119', '91', '9427', 'KAB. SUPIORI', NULL, NULL, NULL),
	(505, '9120', '91', '9428', 'KAB. MAMBERAMO RAYA', NULL, NULL, NULL),
	(506, '9124', '91', '9429', 'KAB. NDUGA', NULL, NULL, NULL),
	(507, '9123', '91', '9430', 'KAB. LANNY JAYA', NULL, NULL, NULL),
	(508, '9121', '91', '9431', 'KAB. MAMBERAMO TENGAH', NULL, NULL, NULL),
	(509, '9122', '91', '9432', 'KAB. YALIMO', NULL, NULL, NULL),
	(510, '9125', '91', '9433', 'KAB. PUNCAK', NULL, NULL, NULL),
	(511, '9126', '91', '9434', 'KAB. DOGIYAI', NULL, NULL, NULL),
	(512, '9127', '91', '9435', 'KAB. INTAN JAYA', NULL, NULL, NULL),
	(513, '9128', '91', '9436', 'KAB. DEIYAI', NULL, NULL, NULL),
	(514, '9171', '91', '9471', 'KOTA JAYAPURA', NULL, NULL, NULL);

-- Dumping structure for table simpeg_local.indonesian_districts
CREATE TABLE IF NOT EXISTS `indonesian_districts` (
  `id` bigint unsigned NOT NULL AUTO_INCREMENT,
  `code` char(7) COLLATE utf8mb4_unicode_ci NOT NULL,
  `city_code` char(6) COLLATE utf8mb4_unicode_ci NOT NULL,
  `bps_code` char(15) COLLATE utf8mb4_unicode_ci DEFAULT NULL,
  `name` varchar(255) COLLATE utf8mb4_unicode_ci NOT NULL,
  `meta` text COLLATE utf8mb4_unicode_ci,
  `created_at` timestamp NULL DEFAULT NULL,
  `updated_at` timestamp NULL DEFAULT NULL,
  PRIMARY KEY (`id`),
  UNIQUE KEY `indonesian_districts_code_unique` (`code`),
  KEY `indonesian_districts_city_code_foreign` (`city_code`),
  CONSTRAINT `indonesian_districts_city_code_foreign` FOREIGN KEY (`city_code`) REFERENCES `indonesian_cities` (`code`) ON DELETE RESTRICT ON UPDATE CASCADE
) ENGINE=InnoDB DEFAULT CHARSET=utf8mb4 COLLATE=utf8mb4_unicode_ci;

-- Dumping data for table simpeg_local.indonesian_districts: ~0 rows (approximately)
DELETE FROM `indonesian_districts`;

-- Dumping structure for table simpeg_local.indonesian_provinces
CREATE TABLE IF NOT EXISTS `indonesian_provinces` (
  `id` bigint unsigned NOT NULL AUTO_INCREMENT,
  `code` char(2) COLLATE utf8mb4_unicode_ci NOT NULL,
  `bps_code` char(15) COLLATE utf8mb4_unicode_ci DEFAULT NULL,
  `name` varchar(255) COLLATE utf8mb4_unicode_ci NOT NULL,
  `meta` text COLLATE utf8mb4_unicode_ci,
  `created_at` timestamp NULL DEFAULT NULL,
  `updated_at` timestamp NULL DEFAULT NULL,
  PRIMARY KEY (`id`),
  UNIQUE KEY `indonesian_provinces_code_unique` (`code`)
) ENGINE=InnoDB AUTO_INCREMENT=35 DEFAULT CHARSET=utf8mb4 COLLATE=utf8mb4_unicode_ci;

-- Dumping data for table simpeg_local.indonesian_provinces: ~34 rows (approximately)
DELETE FROM `indonesian_provinces`;
INSERT INTO `indonesian_provinces` (`id`, `code`, `bps_code`, `name`, `meta`, `created_at`, `updated_at`) VALUES
	(1, '11', '11', 'ACEH', NULL, NULL, NULL),
	(2, '12', '12', 'SUMATERA UTARA', NULL, NULL, NULL),
	(3, '13', '13', 'SUMATERA BARAT', NULL, NULL, NULL),
	(4, '14', '14', 'RIAU', NULL, NULL, NULL),
	(5, '15', '15', 'JAMBI', NULL, NULL, NULL),
	(6, '16', '16', 'SUMATERA SELATAN', NULL, NULL, NULL),
	(7, '17', '17', 'BENGKULU', NULL, NULL, NULL),
	(8, '18', '18', 'LAMPUNG', NULL, NULL, NULL),
	(9, '19', '19', 'KEPULAUAN BANGKA', NULL, NULL, NULL),
	(10, '21', '21', 'KEPULAUAN RIAU', NULL, NULL, NULL),
	(11, '31', '31', 'DKI JAKARTA', NULL, NULL, NULL),
	(12, '32', '32', 'JAWA BARAT', NULL, NULL, NULL),
	(13, '33', '33', 'JAWA TENGAH', NULL, NULL, NULL),
	(14, '34', '34', 'DI YOGYAKARTA', NULL, NULL, NULL),
	(15, '35', '35', 'JAWA TIMUR', NULL, NULL, NULL),
	(16, '36', '36', 'BANTEN', NULL, NULL, NULL),
	(17, '51', '51', 'BALI', NULL, NULL, NULL),
	(18, '52', '52', 'NUSA TENGGARA BARAT', NULL, NULL, NULL),
	(19, '53', '53', 'NUSA TENGGARA TIMUR', NULL, NULL, NULL),
	(20, '61', '61', 'KALIMANTAN BARAT', NULL, NULL, NULL),
	(21, '62', '62', 'KALIMANTAN TENGAH', NULL, NULL, NULL),
	(22, '63', '63', 'KALIMANTAN SELATAN', NULL, NULL, NULL),
	(23, '64', '64', 'KALIMANTAN TIMUR', NULL, NULL, NULL),
	(24, '65', '65', 'KALIMANTAN UTARA', NULL, NULL, NULL),
	(25, '71', '71', 'SULAWESI UTARA', NULL, NULL, NULL),
	(26, '72', '72', 'SULAWESI TENGAH', NULL, NULL, NULL),
	(27, '73', '73', 'SULAWESI SELATAN', NULL, NULL, NULL),
	(28, '74', '74', 'SULAWESI TENGGARA', NULL, NULL, NULL),
	(29, '75', '75', 'GORONTALO', NULL, NULL, NULL),
	(30, '76', '76', 'SULAWESI BARAT', NULL, NULL, NULL),
	(31, '81', '81', 'MALUKU', NULL, NULL, NULL),
	(32, '82', '82', 'MALUKU UTARA', NULL, NULL, NULL),
	(33, '92', '91', 'PAPUA BARAT', NULL, NULL, NULL),
	(34, '91', '94', 'PAPUA', NULL, NULL, NULL);

-- Dumping structure for table simpeg_local.indonesian_villages
CREATE TABLE IF NOT EXISTS `indonesian_villages` (
  `id` bigint unsigned NOT NULL AUTO_INCREMENT,
  `code` char(10) COLLATE utf8mb4_unicode_ci NOT NULL,
  `district_code` char(10) COLLATE utf8mb4_unicode_ci NOT NULL,
  `bps_code` char(15) COLLATE utf8mb4_unicode_ci DEFAULT NULL,
  `name` varchar(255) COLLATE utf8mb4_unicode_ci NOT NULL,
  `meta` text COLLATE utf8mb4_unicode_ci,
  `created_at` timestamp NULL DEFAULT NULL,
  `updated_at` timestamp NULL DEFAULT NULL,
  PRIMARY KEY (`id`),
  UNIQUE KEY `indonesian_villages_code_unique` (`code`),
  KEY `indonesian_villages_district_code_foreign` (`district_code`),
  CONSTRAINT `indonesian_villages_district_code_foreign` FOREIGN KEY (`district_code`) REFERENCES `indonesian_districts` (`code`) ON DELETE RESTRICT ON UPDATE CASCADE
) ENGINE=InnoDB DEFAULT CHARSET=utf8mb4 COLLATE=utf8mb4_unicode_ci;

-- Dumping data for table simpeg_local.indonesian_villages: ~0 rows (approximately)
DELETE FROM `indonesian_villages`;

-- Dumping structure for table simpeg_local.jabatan
CREATE TABLE IF NOT EXISTS `jabatan` (
  `kode` varchar(50) CHARACTER SET utf8mb4 COLLATE utf8mb4_unicode_ci NOT NULL,
  `nama` varchar(100) COLLATE utf8mb4_unicode_ci NOT NULL,
  `nama_panjang` varchar(100) COLLATE utf8mb4_unicode_ci NOT NULL,
  `kategori` varchar(100) COLLATE utf8mb4_unicode_ci DEFAULT NULL,
  `warna` varchar(10) COLLATE utf8mb4_unicode_ci DEFAULT NULL,
  PRIMARY KEY (`kode`)
) ENGINE=InnoDB DEFAULT CHARSET=utf8mb4 COLLATE=utf8mb4_unicode_ci;

-- Dumping data for table simpeg_local.jabatan: ~25 rows (approximately)
DELETE FROM `jabatan`;
INSERT INTO `jabatan` (`kode`, `nama`, `nama_panjang`, `kategori`, `warna`) VALUES
	('1520', 'Pranata Hubungan Masyarakat', 'Pranata Hubungan Masyarakat', 'JFT Kehumasan', '#d5def6'),
	('1525', 'Auditor', 'Auditor', 'JFT Auditor', '#abbded'),
	('1528', 'Pengembang Teknologi Pembelajaran', 'Pengembang Teknologi Pembelajaran', 'JFT PTP (Kemendikbud)', '#6d8bdf'),
	('1530', 'Perencana', 'Perencana', 'JFT Perencana', '#2e59d1'),
	('1535', 'Pranata Komputer', 'Pranata Komputer', 'JFT Pranata Komputer', '#2548a7'),
	('1538', 'Arsiparis', 'Arsiparis', 'JFT Arsiparis', '#1e3a8a'),
	('1540', 'Pustakawan', 'Pustakawan', 'JFT Pustakawan', '#172d69'),
	('1561', 'Asisten Ahli', 'Asisten Ahli', 'JFT Dosen (Ahli Pertama)', '#e0d1e0'),
	('1562', 'Lektor', 'Lektor', 'JFT Dosen (Ahli Muda)', '#b894b8'),
	('1563', 'Lektor Kepala', 'Lektor Kepala', 'JFT Dosen (Ahli Madya)', '#996699'),
	('5202', 'Analis Kebijakan', 'Analis Kebijakan', 'JFT Analis Kebijakan', '#F97316'),
	('5210', 'Analis SDM Aparatur', 'Analis SDM Aparatur', 'JFT Analis SDM', '#122454'),
	('5240', 'Analis Pengelola Keuangan APBN', 'Analis Pengelola Keuangan APBN', 'JFT Keuangan APBN', '#09122a'),
	('C-1561', 'Calon Dosen Asisten Ahli', 'Calon Dosen Asisten Ahli', 'CPNS (Menuju JFT Ahli Pertama)', '#b3e7ff'),
	('KABAG-ULA', 'KABAG Umum dan Layanan Akademik', 'Kepala Bagian Umum dan Layanan Akademik', 'Jabatan Struktural (Administrator)', '#F59E0B'),
	('KARO-AUAK', 'KARO AUAK', 'Kepala Biro Administrasi Umum, Akademik, dan Kemahasiswaan', 'Jabatan Struktural (JPT Pratama)', '#4d004d'),
	('KASUBBAG-TU-ISKK', 'KASUBBAG TU FISKK', 'Kepala Subbagian Tata Usaha Fakultas ISKK', 'Jabatan Struktural (Pengawas)', '#006600'),
	('KASUBBAG-TU-KIPK', 'KASUBBAG TU FKIPK', 'Kepala Subbagian Tata Usaha Fakultas KIPK', 'Jabatan Struktural (Pengawas)', '#006600'),
	('operator_layanan_operasional', 'Operator Layanan Operasional', 'Operator Layanan Operasional', 'Jabatan Pelaksana Umum', '#4d4d4d'),
	('penata_keprotokolan', 'Penata Keprotokolan', 'Penata Keprotokolan', 'Jabatan Pelaksana Umum', '#737373'),
	('penata_layanan_operasional', 'Penata Layanan Operasional', 'Penata Layanan Operasional', 'Jabatan Pelaksana Umum', '#999999'),
	('penelaah_teknis_kebijakan', 'Penelaah Teknis Kebijakan', 'Penelaah Teknis Kebijakan', 'Jabatan Pelaksana Umum', '#b3b3b3'),
	('pengadministrasi_perkantoran', 'Pengadministrasi Perkantoran', 'Pengadministrasi Perkantoran', 'Jabatan Pelaksana Umum', '#cccccc'),
	('pengelola_layanan_operasional', 'Pengelola Layanan Operasional', 'Pengelola Layanan Operasional', 'Jabatan Pelaksana Umum', '#e6e6e6'),
	('pengolah_data_dan_informasi', 'Pengolah Data dan Informasi', 'Pengolah Data dan Informasi', 'Jabatan Pelaksana Umum', '#f2f2f2');

-- Dumping structure for table simpeg_local.jenis_jabatan
CREATE TABLE IF NOT EXISTS `jenis_jabatan` (
  `kode` varchar(20) CHARACTER SET utf8mb4 COLLATE utf8mb4_unicode_ci NOT NULL,
  `nama` varchar(100) COLLATE utf8mb4_unicode_ci NOT NULL,
  `nama_panjang` varchar(100) COLLATE utf8mb4_unicode_ci NOT NULL,
  `keterangan` text COLLATE utf8mb4_unicode_ci,
  `warna` varchar(10) COLLATE utf8mb4_unicode_ci DEFAULT NULL,
  PRIMARY KEY (`kode`)
) ENGINE=InnoDB DEFAULT CHARSET=utf8mb4 COLLATE=utf8mb4_unicode_ci;

-- Dumping data for table simpeg_local.jenis_jabatan: ~12 rows (approximately)
DELETE FROM `jenis_jabatan`;
INSERT INTO `jenis_jabatan` (`kode`, `nama`, `nama_panjang`, `keterangan`, `warna`) VALUES
	('1', 'JPT Madya', 'JPT Madya', 'Jabatan Pimpinan Tinggi (JPT) Madya', '#4d004d'),
	('2', 'JPT Pratama', 'JPT Pratama', 'Jabatan Pimpinan Tinggi Pratama', '#b300b3'),
	('3', 'Administrator', 'Administrator', 'Jabatan Administrator', '#F59E0B'),
	('4', 'Pengawas', 'Pengawas', 'Jabatan Pengawas', '#006600'),
	('5', 'JF Ahli Madya', 'JF Ahli Madya', 'Jabatan Fungsional Ahli Madya', '#005780'),
	('6', 'JF Ahli Muda', 'JF Ahli Muda', 'Jabatan Fungsional Ahli Muda', '#008bcc'),
	('7', 'JF Ahli Pertama', 'JF Ahli Pertama', 'Jabatan Fungsional Ahli Pertama', '#3393b0'),
	('8', 'JF Terampil (Pelaksana/Analis)', 'JF Terampil (Pelaksana/Analis)', 'Jabatan Fungsional Terampil/Pelaksana', '#99dfff'),
	('91', 'CPNS Calon Dosen', 'CPNS Calon Dosen', 'CPNS untuk JFT Dosen (sementara)', '#996699'),
	('92', 'JFT Dosen (Ahli Pertama–Madya)', 'JFT Dosen (Ahli Pertama–Madya)', 'Jabatan Fungsional Tertentu (Dosen)', '#1E3A8A'),
	('93', 'CPNS Calon JF Ahli Pertama', 'CPNS Calon JF Ahli Pertama', 'CPNS calon JF umum (bukan hanya dosen)', '#b3dce6'),
	('99', 'Pelaksana (Non-JF)', 'Pelaksana (Non-JF)', 'Jabatan Pelaksana Umum (non fungsional)', '#cccccc');

-- Dumping structure for table simpeg_local.jobs
CREATE TABLE IF NOT EXISTS `jobs` (
  `id` bigint unsigned NOT NULL AUTO_INCREMENT,
  `queue` varchar(255) COLLATE utf8mb4_unicode_ci NOT NULL,
  `payload` longtext COLLATE utf8mb4_unicode_ci NOT NULL,
  `attempts` tinyint unsigned NOT NULL,
  `reserved_at` int unsigned DEFAULT NULL,
  `available_at` int unsigned NOT NULL,
  `created_at` int unsigned NOT NULL,
  PRIMARY KEY (`id`),
  KEY `jobs_queue_index` (`queue`)
) ENGINE=InnoDB DEFAULT CHARSET=utf8mb4 COLLATE=utf8mb4_unicode_ci;

-- Dumping data for table simpeg_local.jobs: ~0 rows (approximately)
DELETE FROM `jobs`;

-- Dumping structure for table simpeg_local.job_batches
CREATE TABLE IF NOT EXISTS `job_batches` (
  `id` varchar(255) COLLATE utf8mb4_unicode_ci NOT NULL,
  `name` varchar(255) COLLATE utf8mb4_unicode_ci NOT NULL,
  `total_jobs` int NOT NULL,
  `pending_jobs` int NOT NULL,
  `failed_jobs` int NOT NULL,
  `failed_job_ids` longtext COLLATE utf8mb4_unicode_ci NOT NULL,
  `options` mediumtext COLLATE utf8mb4_unicode_ci,
  `cancelled_at` int DEFAULT NULL,
  `created_at` int NOT NULL,
  `finished_at` int DEFAULT NULL,
  PRIMARY KEY (`id`)
) ENGINE=InnoDB DEFAULT CHARSET=utf8mb4 COLLATE=utf8mb4_unicode_ci;

-- Dumping data for table simpeg_local.job_batches: ~0 rows (approximately)
DELETE FROM `job_batches`;

-- Dumping structure for table simpeg_local.job_chart
CREATE TABLE IF NOT EXISTS `job_chart` (
  `id` varchar(255) COLLATE utf8mb4_unicode_ci NOT NULL,
  `position` smallint DEFAULT NULL,
  `parent_id` varchar(255) COLLATE utf8mb4_unicode_ci DEFAULT NULL,
  `title` varchar(255) COLLATE utf8mb4_unicode_ci NOT NULL,
  `subtitle` varchar(255) COLLATE utf8mb4_unicode_ci DEFAULT NULL,
  `type` varchar(10) COLLATE utf8mb4_unicode_ci DEFAULT NULL,
  `condition` varchar(255) COLLATE utf8mb4_unicode_ci DEFAULT NULL,
  `ref` text COLLATE utf8mb4_unicode_ci,
  `created_at` timestamp NULL DEFAULT NULL,
  `updated_at` timestamp NULL DEFAULT NULL,
  PRIMARY KEY (`id`),
  KEY `job_chart_parent_id_index` (`parent_id`)
) ENGINE=InnoDB DEFAULT CHARSET=utf8mb4 COLLATE=utf8mb4_unicode_ci;

-- Dumping data for table simpeg_local.job_chart: ~37 rows (approximately)
DELETE FROM `job_chart`;
INSERT INTO `job_chart` (`id`, `position`, `parent_id`, `title`, `subtitle`, `type`, `condition`, `ref`, `created_at`, `updated_at`) VALUES
	('dekan', 9, 'rektor', 'Dekan', 'FKIPK | FISKK | FSKK', NULL, NULL, NULL, '2025-09-18 03:49:03', '2025-09-18 03:49:03'),
	('direktur', 14, 'rektor', 'Direktur', 'Pascasarjana', NULL, NULL, NULL, '2025-09-18 03:49:03', '2025-09-18 03:49:03'),
	('ka-bahasa', 34, 'rektor', 'Kepala UPT Bahasa', 'Unit Penunjang Akademik: Bahasa', NULL, NULL, NULL, '2025-09-18 03:49:03', '2025-09-18 03:49:03'),
	('ka-lp2m', 26, 'rektor', 'Kepala LP2M', 'Lembaga Penelitian & Pengabdian Masyarakat', NULL, NULL, NULL, '2025-09-18 03:49:03', '2025-09-18 03:49:03'),
	('ka-lpm', 22, 'rektor', 'Kepala LPM', 'Lembaga Penjaminan Mutu', NULL, NULL, NULL, '2025-09-18 03:49:03', '2025-09-18 03:49:03'),
	('ka-perpustakaan', 30, 'rektor', 'Kepala UPT Perpustakaan', 'Unit Penunjang Akademik: Perpustakaan', NULL, NULL, NULL, '2025-09-18 03:49:03', '2025-09-18 03:49:03'),
	('ka-spi', 18, 'rektor', 'Kepala SPI', 'Satuan Pengawasan Internal', NULL, NULL, NULL, '2025-09-18 03:49:03', '2025-09-18 03:49:03'),
	('ka-tipd', 32, 'rektor', 'Kepala UPT TIPD', 'Unit Penunjang Akademik: Teknologi Informasi dan Pangkalan Data', NULL, NULL, NULL, '2025-09-18 03:49:03', '2025-09-18 03:49:03'),
	('kabag-ula', 6, 'kabiro-auak', 'Kepala Bagian', 'Umum dan Layanan Akademik', NULL, NULL, NULL, '2025-09-18 03:49:03', '2025-09-18 03:49:03'),
	('kabiro-auak', 3, 'rektor', 'Kepala Biro', 'Administrasi Umum, Akademik dan Kemahasiswaan', NULL, NULL, NULL, '2025-09-18 03:49:03', '2025-09-18 03:49:03'),
	('kasubbag-tu', 10, 'dekan', 'Kepala Sub Bagian TU', 'FKIPK | FISKK | FSKK', NULL, NULL, NULL, '2025-09-18 03:49:03', '2025-09-18 03:49:03'),
	('kjf-bag-ula', 7, 'kabag-ula', 'Kelompok Jabatan Fungsional', NULL, NULL, NULL, NULL, '2025-09-18 03:49:03', '2025-09-18 03:49:03'),
	('kjf-bahasa', 35, 'ka-bahasa', 'Kelompok Jabatan Fungsional', NULL, NULL, NULL, NULL, '2025-09-18 03:49:03', '2025-09-18 03:49:03'),
	('kjf-biro-auak', 4, 'kabiro-auak', 'Kelompok Jabatan Fungsional', NULL, NULL, NULL, NULL, '2025-09-18 03:49:03', '2025-09-18 03:49:03'),
	('kjf-dosen', 11, 'dekan', 'Fungsional Dosen', 'FKIPK | FISKK | FSKK', NULL, NULL, NULL, '2025-09-18 03:49:03', '2025-09-18 03:49:03'),
	('kjf-dosen-pascasarjana', 15, 'direktur', 'Fungsional Dosen', 'Pascasarjana', NULL, NULL, NULL, '2025-09-18 03:49:03', '2025-09-18 03:49:03'),
	('kjf-pascasarjana', 16, 'direktur', 'Kelompok Jabatan Fungsional', 'Pascasarjana', NULL, NULL, NULL, '2025-09-18 03:49:03', '2025-09-18 03:49:03'),
	('kjf-spi', 20, 'ka-spi', 'Kelompok Jabatan Fungsional', NULL, NULL, NULL, NULL, '2025-09-18 03:49:03', '2025-09-18 03:49:03'),
	('kjf-subbag-tu', 12, 'kasubbag-tu', 'Kelompok Jabatan Fungsional', 'FKIPK | FISKK | FSKK', NULL, NULL, NULL, '2025-09-18 03:49:03', '2025-09-18 03:49:03'),
	('kjfp-lp2m', 28, 'ka-lp2m', 'Kelompok Jabatan Fungsional/Pelaksana', NULL, NULL, NULL, NULL, '2025-09-18 03:49:03', '2025-09-18 03:49:03'),
	('kjfp-lpm', 24, 'ka-lpm', 'Kelompok Jabatan Fungsional/Pelaksana', NULL, NULL, NULL, NULL, '2025-09-18 03:49:03', '2025-09-18 03:49:03'),
	('kjfp-perpustakaan', 31, 'ka-perpustakaan', 'Kelompok Jabatan Fungsional/Pelaksana', NULL, NULL, NULL, NULL, '2025-09-18 03:49:03', '2025-09-18 03:49:03'),
	('kjfp-tipd', 33, 'ka-tipd', 'Kelompok Jabatan Fungsional/Pelaksana', NULL, NULL, NULL, NULL, '2025-09-18 03:49:03', '2025-09-18 03:49:03'),
	('kjp-bag-ula', 8, 'kabag-ula', 'Kelompok Jabatan Pelaksana', NULL, NULL, NULL, NULL, '2025-09-18 03:49:03', '2025-09-18 03:49:03'),
	('kjp-bahasa', 36, 'ka-bahasa', 'Kelompok Jabatan Pelaksana', NULL, NULL, NULL, NULL, '2025-09-18 03:49:03', '2025-09-18 03:49:03'),
	('kjp-biro-auak', 5, 'kabiro-auak', 'Kelompok Jabatan Pelaksana', NULL, NULL, NULL, NULL, '2025-09-18 03:49:03', '2025-09-18 03:49:03'),
	('kjp-lp2m', 29, 'sekre-lp2m', 'Kelompok Jabatan Pelaksana', NULL, NULL, NULL, NULL, '2025-09-18 03:49:03', '2025-09-18 03:49:03'),
	('kjp-lpm', 25, 'sekre-lpm', 'Kelompok Jabatan Pelaksana', NULL, NULL, NULL, NULL, '2025-09-18 03:49:03', '2025-09-18 03:49:03'),
	('kjp-pascasarjana', 17, 'direktur', 'Kelompok Jabatan Pelaksana', 'Pascasarjana', NULL, NULL, NULL, '2025-09-18 03:49:03', '2025-09-18 03:49:03'),
	('kjp-spi', 21, 'sekre-spi', 'Kelompok Jabatan Pelaksana', NULL, NULL, NULL, NULL, '2025-09-18 03:49:03', '2025-09-18 03:49:03'),
	('kjp-subbag-tu', 13, 'kasubbag-tu', 'Kelompok Jabatan Pelaksana', 'FKIPK | FISKK | FSKK', NULL, NULL, NULL, '2025-09-18 03:49:03', '2025-09-18 03:49:03'),
	('rektor', 0, NULL, 'Rektor', 'IAKN Palangka Raya', NULL, NULL, NULL, '2025-09-18 03:49:03', '2025-09-18 03:49:03'),
	('rektor-wakil-1', 1, 'rektor', 'Wakil Rektor 1', 'Bidang Akademik, Kemahasiswaan, Kelembagaan dan Kerja sama', NULL, NULL, NULL, '2025-09-18 03:49:03', '2025-09-18 03:49:03'),
	('rektor-wakil-2', 2, 'rektor', 'Wakil Rektor 2', 'Bidang Administrasi Umum, Perencanaan dan Keuangan', NULL, NULL, NULL, '2025-09-18 03:49:03', '2025-09-18 03:49:03'),
	('sekre-lp2m', 27, 'ka-lp2m', 'Sekertaris LP2M', NULL, NULL, NULL, NULL, '2025-09-18 03:49:03', '2025-09-18 03:49:03'),
	('sekre-lpm', 23, 'ka-lpm', 'Sekertaris LPM', NULL, NULL, NULL, NULL, '2025-09-18 03:49:03', '2025-09-18 03:49:03'),
	('sekre-spi', 19, 'ka-spi', 'Sekertaris SPI', NULL, NULL, NULL, NULL, '2025-09-18 03:49:03', '2025-09-18 03:49:03');

-- Dumping structure for table simpeg_local.job_chart_details
CREATE TABLE IF NOT EXISTS `job_chart_details` (
  `id` bigint unsigned NOT NULL AUTO_INCREMENT,
  `job_chart_id` varchar(255) COLLATE utf8mb4_unicode_ci NOT NULL,
  `jabatan` varchar(255) COLLATE utf8mb4_unicode_ci NOT NULL,
  `kls` int DEFAULT NULL,
  `b` int NOT NULL DEFAULT '0',
  `k` int NOT NULL DEFAULT '0',
  `delta` int NOT NULL DEFAULT '0',
  `type` varchar(10) COLLATE utf8mb4_unicode_ci DEFAULT NULL,
  `condition` varchar(255) COLLATE utf8mb4_unicode_ci DEFAULT NULL,
  `ref` text COLLATE utf8mb4_unicode_ci,
  `created_at` timestamp NULL DEFAULT NULL,
  `updated_at` timestamp NULL DEFAULT NULL,
  PRIMARY KEY (`id`),
  KEY `job_chart_detail_job_chart_id_foreign` (`job_chart_id`),
  CONSTRAINT `job_chart_detail_job_chart_id_foreign` FOREIGN KEY (`job_chart_id`) REFERENCES `job_chart` (`id`) ON DELETE CASCADE
) ENGINE=InnoDB AUTO_INCREMENT=103 DEFAULT CHARSET=utf8mb4 COLLATE=utf8mb4_unicode_ci;

-- Dumping data for table simpeg_local.job_chart_details: ~102 rows (approximately)
DELETE FROM `job_chart_details`;
INSERT INTO `job_chart_details` (`id`, `job_chart_id`, `jabatan`, `kls`, `b`, `k`, `delta`, `type`, `condition`, `ref`, `created_at`, `updated_at`) VALUES
	(1, 'kjf-biro-auak', 'Analis SDM Aparatur Ahli Madya', 12, 0, 0, 0, NULL, NULL, NULL, '2025-09-18 03:49:03', '2025-09-18 03:49:03'),
	(2, 'kjf-biro-auak', 'Pengelola Pengadaan Barang/Jasa Ahli Madya', 12, 0, 0, 0, NULL, NULL, NULL, '2025-09-18 03:49:03', '2025-09-18 03:49:03'),
	(3, 'kjf-biro-auak', 'Perencana Ahli Madya', 12, 0, 0, 0, NULL, NULL, NULL, '2025-09-18 03:49:03', '2025-09-18 03:49:03'),
	(4, 'kjf-biro-auak', 'Analis Pengelolaan Keuangan APBN Ahli Madya', 12, 0, 0, 0, NULL, NULL, NULL, '2025-09-18 03:49:03', '2025-09-18 03:49:03'),
	(5, 'kjf-biro-auak', 'Analis Kebijakan Ahli Madya', 12, 0, 0, 0, NULL, NULL, NULL, '2025-09-18 03:49:03', '2025-09-18 03:49:03'),
	(6, 'kjf-biro-auak', 'Analis Anggaran Ahli Madya', 12, 0, 0, 0, NULL, NULL, NULL, '2025-09-18 03:49:03', '2025-09-18 03:49:03'),
	(7, 'kjf-biro-auak', 'Pranata Hubungan Masyarakat Ahli Madya', 11, 0, 0, 0, NULL, NULL, NULL, '2025-09-18 03:49:03', '2025-09-18 03:49:03'),
	(8, 'kjf-biro-auak', 'Arsiparis Ahli Madya', 11, 0, 0, 0, NULL, NULL, NULL, '2025-09-18 03:49:03', '2025-09-18 03:49:03'),
	(9, 'kjf-biro-auak', 'Analis SDM Aparatur Ahli Muda', 10, 0, 0, 0, NULL, NULL, NULL, '2025-09-18 03:49:03', '2025-09-18 03:49:03'),
	(10, 'kjf-biro-auak', 'Perencana Ahli Muda', 10, 0, 0, 0, NULL, NULL, NULL, '2025-09-18 03:49:03', '2025-09-18 03:49:03'),
	(11, 'kjf-biro-auak', 'Analis Pengelolaan Keuangan APBN Ahli Muda', 10, 0, 0, 0, NULL, NULL, NULL, '2025-09-18 03:49:03', '2025-09-18 03:49:03'),
	(12, 'kjf-biro-auak', 'Analis Kebijakan Ahli Muda', 10, 0, 0, 0, NULL, NULL, NULL, '2025-09-18 03:49:03', '2025-09-18 03:49:03'),
	(13, 'kjf-biro-auak', 'Perancangan Peraturan Perundang-undangan Ahli Muda', 10, 0, 0, 0, NULL, NULL, NULL, '2025-09-18 03:49:03', '2025-09-18 03:49:03'),
	(14, 'kjf-biro-auak', 'Analis Hukum Ahli Muda', 9, 0, 0, 0, NULL, NULL, NULL, '2025-09-18 03:49:03', '2025-09-18 03:49:03'),
	(15, 'kjp-biro-auak', 'Pranata Hubungan Masyarakat Ahli Muda', 9, 0, 0, 0, NULL, NULL, NULL, '2025-09-18 03:49:03', '2025-09-18 03:49:03'),
	(16, 'kjp-biro-auak', 'Pranata Keuangan APBN Penyelia', 9, 0, 0, 0, NULL, NULL, NULL, '2025-09-18 03:49:03', '2025-09-18 03:49:03'),
	(17, 'kjp-biro-auak', 'Analis SDM Aparatur Ahli Pertama', 8, 0, 0, 0, NULL, NULL, NULL, '2025-09-18 03:49:03', '2025-09-18 03:49:03'),
	(18, 'kjp-biro-auak', 'Analis Pengelolaan Keuangan APBN Ahli Pertama', 8, 0, 0, 0, NULL, NULL, NULL, '2025-09-18 03:49:03', '2025-09-18 03:49:03'),
	(19, 'kjp-biro-auak', 'Perencana Ahli Pertama', 8, 0, 0, 0, NULL, NULL, NULL, '2025-09-18 03:49:03', '2025-09-18 03:49:03'),
	(20, 'kjp-biro-auak', 'Analis Kebijakan Ahli Pertama', 8, 0, 0, 0, NULL, NULL, NULL, '2025-09-18 03:49:03', '2025-09-18 03:49:03'),
	(21, 'kjp-biro-auak', 'Perancangan Peraturan Perundang-undangan Ahli Pertama', 8, 0, 0, 0, NULL, NULL, NULL, '2025-09-18 03:49:03', '2025-09-18 03:49:03'),
	(22, 'kjp-biro-auak', 'Analis Hukum Ahli Pertama', 8, 0, 0, 0, NULL, NULL, NULL, '2025-09-18 03:49:03', '2025-09-18 03:49:03'),
	(23, 'kjp-biro-auak', 'Pranata Hubungan Masyarakat Ahli Muda', 8, 0, 0, 0, NULL, NULL, NULL, '2025-09-18 03:49:03', '2025-09-18 03:49:03'),
	(24, 'kjp-biro-auak', 'Pranata Keuangan APBN Mahir', 8, 0, 0, 0, NULL, NULL, NULL, '2025-09-18 03:49:03', '2025-09-18 03:49:03'),
	(25, 'kjp-biro-auak', 'Pranata Keuangan APBN Terampil', 7, 0, 0, 0, NULL, NULL, NULL, '2025-09-18 03:49:03', '2025-09-18 03:49:03'),
	(26, 'kjp-biro-auak', 'Penata Kelola Hukum dan Perundang-undangan', 7, 0, 0, 0, NULL, NULL, NULL, '2025-09-18 03:49:03', '2025-09-18 03:49:03'),
	(27, 'kjf-bag-ula', 'Arsiparis Ahli Muda', 9, 2, 0, -2, NULL, NULL, NULL, '2025-09-18 03:49:03', '2025-09-18 03:49:03'),
	(28, 'kjf-bag-ula', 'Arsiparis Ahli Pertama', 8, 2, 0, 0, NULL, NULL, NULL, '2025-09-18 03:49:03', '2025-09-18 03:49:03'),
	(29, 'kjf-bag-ula', 'Pranata Komputer Ahli Pertama', 8, 1, 0, 0, NULL, NULL, NULL, '2025-09-18 03:49:03', '2025-09-18 03:49:03'),
	(30, 'kjf-bag-ula', 'Analis Hukum', 8, 1, 0, -1, NULL, NULL, NULL, '2025-09-18 03:49:03', '2025-09-18 03:49:03'),
	(31, 'kjf-bag-ula', 'Pranata Hubungan Masyarakat Ahli Pertama', 8, 1, 0, 0, NULL, NULL, NULL, '2025-09-18 03:49:03', '2025-09-18 03:49:03'),
	(32, 'kjp-bag-ula', 'Penata Layanan Operasional', 7, 2, 0, -2, NULL, NULL, NULL, '2025-09-18 03:49:03', '2025-09-18 03:49:03'),
	(33, 'kjp-bag-ula', 'Penelaah Teknis Kebijakan', 7, 1, 0, -1, NULL, NULL, NULL, '2025-09-18 03:49:03', '2025-09-18 03:49:03'),
	(34, 'kjp-bag-ula', 'Penata Keprotokolan', 7, 1, 0, -1, NULL, NULL, NULL, '2025-09-18 03:49:03', '2025-09-18 03:49:03'),
	(35, 'kjp-bag-ula', 'Penata Kelola Sistem dan Teknologi Informasi', 7, 1, 0, -1, NULL, NULL, NULL, '2025-09-18 03:49:03', '2025-09-18 03:49:03'),
	(36, 'kjp-bag-ula', 'Penata Kelola Hukum dan Perundang-undangan', 7, 1, 0, -1, NULL, NULL, NULL, '2025-09-18 03:49:03', '2025-09-18 03:49:03'),
	(37, 'kjp-bag-ula', 'Pengelola Layanan Operasional', 6, 1, 0, 0, NULL, NULL, NULL, '2025-09-18 03:49:03', '2025-09-18 03:49:03'),
	(38, 'kjp-bag-ula', 'Operator Layanan Operasional', 5, 3, 2, -1, NULL, NULL, NULL, '2025-09-18 03:49:03', '2025-09-18 03:49:03'),
	(39, 'kjf-dosen', 'Dosen Asisten Ahli', 9, 0, 0, 0, NULL, NULL, NULL, '2025-09-18 03:49:03', '2025-09-18 03:49:03'),
	(40, 'kjf-dosen', 'Dosen Lektor', 11, 0, 0, 0, NULL, NULL, NULL, '2025-09-18 03:49:03', '2025-09-18 03:49:03'),
	(41, 'kjf-dosen', 'Dosen Lektor Kepala', 13, 0, 0, 0, NULL, NULL, NULL, '2025-09-18 03:49:03', '2025-09-18 03:49:03'),
	(42, 'kjf-dosen', 'Dosen Guru Besar', 15, 0, 0, 0, NULL, NULL, NULL, '2025-09-18 03:49:03', '2025-09-18 03:49:03'),
	(43, 'kjf-subbag-tu', 'Pengembang Teknologi Pembelajaran Ahli Muda', 10, 0, 0, 0, NULL, NULL, NULL, '2025-09-18 03:49:03', '2025-09-18 03:49:03'),
	(44, 'kjf-subbag-tu', 'Analis Pengelolaan Keuangan APBN Ahli Muda', 10, 0, 0, 0, NULL, NULL, NULL, '2025-09-18 03:49:03', '2025-09-18 03:49:03'),
	(45, 'kjf-subbag-tu', 'Pranata Keuangan APBN Penyelia', 9, 0, 0, 0, NULL, NULL, NULL, '2025-09-18 03:49:03', '2025-09-18 03:49:03'),
	(46, 'kjf-subbag-tu', 'Pranata Laboratorium Pendidikan Ahli Muda', 9, 0, 0, 0, NULL, NULL, NULL, '2025-09-18 03:49:03', '2025-09-18 03:49:03'),
	(47, 'kjf-subbag-tu', 'Pustakawan Ahli Muda', 9, 0, 0, 0, NULL, NULL, NULL, '2025-09-18 03:49:03', '2025-09-18 03:49:03'),
	(48, 'kjf-subbag-tu', 'Pengembang Teknologi Pembelajaran Ahli Pertama', 8, 0, 0, 0, NULL, NULL, NULL, '2025-09-18 03:49:03', '2025-09-18 03:49:03'),
	(49, 'kjf-subbag-tu', 'Pranata Laboratorium Pendidikan Ahli Pertama', 8, 0, 0, 0, NULL, NULL, NULL, '2025-09-18 03:49:03', '2025-09-18 03:49:03'),
	(50, 'kjf-subbag-tu', 'Pustakawan Ahli Pertama', 8, 0, 0, 0, NULL, NULL, NULL, '2025-09-18 03:49:03', '2025-09-18 03:49:03'),
	(51, 'kjf-subbag-tu', 'Perencana Ahli Pertama', 8, 0, 0, 0, NULL, NULL, NULL, '2025-09-18 03:49:03', '2025-09-18 03:49:03'),
	(52, 'kjf-subbag-tu', 'Analis SDM Aparatur Ahli Pertama', 8, 0, 0, 0, NULL, NULL, NULL, '2025-09-18 03:49:03', '2025-09-18 03:49:03'),
	(53, 'kjp-subbag-tu', 'Penelaah Teknis Kebijakan', 7, 0, 0, 0, NULL, NULL, NULL, '2025-09-18 03:49:03', '2025-09-18 03:49:03'),
	(54, 'kjp-subbag-tu', 'Pengolah Data dan Informasi', 6, 0, 0, 0, NULL, NULL, NULL, '2025-09-18 03:49:03', '2025-09-18 03:49:03'),
	(55, 'kjp-subbag-tu', 'Pengadministrasi Perkantoran', 5, 0, 0, 0, NULL, NULL, NULL, '2025-09-18 03:49:03', '2025-09-18 03:49:03'),
	(56, 'kjf-dosen-pascasarjana', 'Dosen Guru Besar', 15, 0, 0, 0, NULL, NULL, NULL, '2025-09-18 03:49:03', '2025-09-18 03:49:03'),
	(57, 'kjf-dosen-pascasarjana', 'Dosen Lektor Kepala', 13, 0, 0, 0, NULL, NULL, NULL, '2025-09-18 03:49:03', '2025-09-18 03:49:03'),
	(58, 'kjf-dosen-pascasarjana', 'Dosen Lektor', 11, 0, 0, 0, NULL, NULL, NULL, '2025-09-18 03:49:03', '2025-09-18 03:49:03'),
	(59, 'kjf-pascasarjana', 'Pengembang Teknologi Pembelajaran Ahli Pertama', 8, 1, 0, -1, NULL, NULL, NULL, '2025-09-18 03:49:03', '2025-09-18 03:49:03'),
	(60, 'kjf-pascasarjana', 'Pranata Komputer Ahli Pertama', 8, 1, 0, -1, NULL, NULL, NULL, '2025-09-18 03:49:03', '2025-09-18 03:49:03'),
	(61, 'kjf-pascasarjana', 'Pranata Laboratorium Pendidikan Ahli Pertama', 8, 1, 0, -1, NULL, NULL, NULL, '2025-09-18 03:49:03', '2025-09-18 03:49:03'),
	(62, 'kjf-pascasarjana', 'Arsiparis Ahli Pertama', 8, 1, 0, 0, NULL, NULL, NULL, '2025-09-18 03:49:03', '2025-09-18 03:49:03'),
	(63, 'kjp-pascasarjana', 'Penelaah Teknis Kebijakan', 7, 1, 0, -1, NULL, NULL, NULL, '2025-09-18 03:49:03', '2025-09-18 03:49:03'),
	(64, 'kjp-pascasarjana', 'Penata Layanan Operasional', 7, 3, 0, 0, NULL, NULL, NULL, '2025-09-18 03:49:03', '2025-09-18 03:49:03'),
	(65, 'kjp-pascasarjana', 'Pengolah Data dan Informasi', 6, 1, 0, -1, NULL, NULL, NULL, '2025-09-18 03:49:03', '2025-09-18 03:49:03'),
	(66, 'kjp-pascasarjana', 'Pengadministrasi Perkantoran', 5, 1, 0, -1, NULL, NULL, NULL, '2025-09-18 03:49:03', '2025-09-18 03:49:03'),
	(67, 'kjf-spi', 'Auditor Ahli Muda', 10, 2, 0, -2, NULL, NULL, NULL, '2025-09-18 03:49:03', '2025-09-18 03:49:03'),
	(68, 'kjf-spi', 'Auditor Ahli Pertama', 8, 4, 2, -2, NULL, NULL, NULL, '2025-09-18 03:49:03', '2025-09-18 03:49:03'),
	(69, 'kjf-spi', 'Penelaah Teknis Kebijakan', 7, 1, 0, -1, NULL, NULL, NULL, '2025-09-18 03:49:03', '2025-09-18 03:49:03'),
	(70, 'kjp-spi', 'Penata Layanan Operasional', 7, 2, 2, 0, NULL, NULL, NULL, '2025-09-18 03:49:03', '2025-09-18 03:49:03'),
	(71, 'kjp-spi', 'Pengolah Data dan Informasi', 6, 1, 0, -1, NULL, NULL, NULL, '2025-09-18 03:49:03', '2025-09-18 03:49:03'),
	(72, 'kjfp-lpm', 'Pengembang Teknologi Pembelajaran Ahli Muda', 10, 1, 1, 0, NULL, NULL, NULL, '2025-09-18 03:49:03', '2025-09-18 03:49:03'),
	(73, 'kjfp-lpm', 'Arsiparis Ahli Pertama', 8, 1, 1, 0, NULL, NULL, NULL, '2025-09-18 03:49:03', '2025-09-18 03:49:03'),
	(74, 'kjfp-lpm', 'Penelaah Teknis Kebijakan', 7, 1, 0, -1, NULL, NULL, NULL, '2025-09-18 03:49:03', '2025-09-18 03:49:03'),
	(75, 'kjp-lpm', 'Pengolah Data dan Informasi', 6, 1, 0, -1, NULL, NULL, NULL, '2025-09-18 03:49:03', '2025-09-18 03:49:03'),
	(76, 'kjp-lpm', 'Pengadministrasi Perkantoran', 5, 1, 0, -1, NULL, NULL, NULL, '2025-09-18 03:49:03', '2025-09-18 03:49:03'),
	(77, 'kjfp-lp2m', 'Arsiparis Ahli Pertama', 8, 1, 0, -1, NULL, NULL, NULL, '2025-09-18 03:49:03', '2025-09-18 03:49:03'),
	(78, 'kjfp-lp2m', 'Penelaah Teknis Kebijakan', 7, 1, 0, -1, NULL, NULL, NULL, '2025-09-18 03:49:03', '2025-09-18 03:49:03'),
	(79, 'kjp-lp2m', 'Pengolah Data dan Informasi', 6, 2, 2, 0, NULL, NULL, NULL, '2025-09-18 03:49:03', '2025-09-18 03:49:03'),
	(80, 'kjp-lp2m', 'Pengadministrasi Perkantoran', 5, 1, 0, -1, NULL, NULL, NULL, '2025-09-18 03:49:03', '2025-09-18 03:49:03'),
	(81, 'kjfp-perpustakaan', 'Pustakawan Ahli Madya', 11, 1, 0, -1, NULL, NULL, NULL, '2025-09-18 03:49:03', '2025-09-18 03:49:03'),
	(82, 'kjfp-perpustakaan', 'Pustakawan Ahli Muda', 9, 1, 0, 0, NULL, NULL, NULL, '2025-09-18 03:49:03', '2025-09-18 03:49:03'),
	(83, 'kjfp-perpustakaan', 'Pustakawan Ahli Pertama', 8, 1, 0, -1, NULL, NULL, NULL, '2025-09-18 03:49:03', '2025-09-18 03:49:03'),
	(84, 'kjfp-perpustakaan', 'Pranata Komputer Ahli Pertama', 8, 1, 0, -1, NULL, NULL, NULL, '2025-09-18 03:49:03', '2025-09-18 03:49:03'),
	(85, 'kjfp-perpustakaan', 'Penata Layanan Operasional', 7, 2, 0, 0, NULL, NULL, NULL, '2025-09-18 03:49:03', '2025-09-18 03:49:03'),
	(86, 'kjfp-perpustakaan', 'Pengembang Buku Elektronik', 7, 1, 0, -1, NULL, NULL, NULL, '2025-09-18 03:49:03', '2025-09-18 03:49:03'),
	(87, 'kjfp-perpustakaan', 'Editor Buku', 7, 1, 0, -1, NULL, NULL, NULL, '2025-09-18 03:49:03', '2025-09-18 03:49:03'),
	(88, 'kjfp-perpustakaan', 'Pengolah Data dan Informasia', 6, 1, 0, -1, NULL, NULL, NULL, '2025-09-18 03:49:03', '2025-09-18 03:49:03'),
	(89, 'kjfp-tipd', 'Pranata Komputer Ahli Madya', 11, 1, 0, -1, NULL, NULL, NULL, '2025-09-18 03:49:03', '2025-09-18 03:49:03'),
	(90, 'kjfp-tipd', 'Pranata Komputer Ahli Muda', 9, 1, 0, -1, NULL, NULL, NULL, '2025-09-18 03:49:03', '2025-09-18 03:49:03'),
	(91, 'kjfp-tipd', 'Pranata Komputer Ahli Pertama', 8, 1, 0, -1, NULL, NULL, NULL, '2025-09-18 03:49:03', '2025-09-18 03:49:03'),
	(92, 'kjfp-tipd', 'Arsiparis Ahli Pertama', 8, 1, 0, 0, NULL, NULL, NULL, '2025-09-18 03:49:03', '2025-09-18 03:49:03'),
	(93, 'kjfp-tipd', 'Penata Layanan Operasional', 7, 1, 0, 0, NULL, NULL, NULL, '2025-09-18 03:49:03', '2025-09-18 03:49:03'),
	(94, 'kjfp-tipd', 'Penata Kelola Sistem dan Teknologi Informasi', 7, 1, 0, -1, NULL, NULL, NULL, '2025-09-18 03:49:03', '2025-09-18 03:49:03'),
	(95, 'kjfp-tipd', 'Pengolah Data dan Informasia', 6, 1, 0, -1, NULL, NULL, NULL, '2025-09-18 03:49:03', '2025-09-18 03:49:03'),
	(96, 'kjf-bahasa', 'Pranata Laboratorium Pendidikan Ahli Pertama', 8, 1, 0, -1, NULL, NULL, NULL, '2025-09-18 03:49:03', '2025-09-18 03:49:03'),
	(97, 'kjf-bahasa', 'Pranata Komputer Ahli Pertama', 8, 1, 0, -1, NULL, NULL, NULL, '2025-09-18 03:49:03', '2025-09-18 03:49:03'),
	(98, 'kjf-bahasa', 'Arsiparis Ahli Pertama', 8, 1, 0, -1, NULL, NULL, NULL, '2025-09-18 03:49:03', '2025-09-18 03:49:03'),
	(99, 'kjp-bahasa', 'Penelaah Teknis Kebijakan', 7, 1, 0, -1, NULL, NULL, NULL, '2025-09-18 03:49:03', '2025-09-18 03:49:03'),
	(100, 'kjp-bahasa', 'Penata Layanan Operasional', 7, 1, 0, -1, NULL, NULL, NULL, '2025-09-18 03:49:03', '2025-09-18 03:49:03'),
	(101, 'kjp-bahasa', 'Pengolah Data dan Informasi', 6, 1, 0, -1, NULL, NULL, NULL, '2025-09-18 03:49:03', '2025-09-18 03:49:03'),
	(102, 'kjp-bahasa', 'Pengadministrasi Perkantoran', 5, 1, 0, -1, NULL, NULL, NULL, '2025-09-18 03:49:03', '2025-09-18 03:49:03');

-- Dumping structure for table simpeg_local.logs
CREATE TABLE IF NOT EXISTS `logs` (
  `id` bigint unsigned NOT NULL AUTO_INCREMENT,
  `subject` varchar(255) COLLATE utf8mb4_unicode_ci NOT NULL,
  `description` text COLLATE utf8mb4_unicode_ci,
  `request` json DEFAULT NULL,
  `response` json DEFAULT NULL,
  `created_at` timestamp NULL DEFAULT NULL,
  `created_by` bigint unsigned DEFAULT NULL,
  PRIMARY KEY (`id`),
  KEY `logs_created_by_foreign` (`created_by`),
  CONSTRAINT `logs_created_by_foreign` FOREIGN KEY (`created_by`) REFERENCES `users` (`id`) ON DELETE SET NULL
) ENGINE=InnoDB AUTO_INCREMENT=50 DEFAULT CHARSET=utf8mb4 COLLATE=utf8mb4_unicode_ci;

-- Dumping data for table simpeg_local.logs: ~47 rows (approximately)
DELETE FROM `logs`;
INSERT INTO `logs` (`id`, `subject`, `description`, `request`, `response`, `created_at`, `created_by`) VALUES
	(1, 'Login Berhasil', 'ev.attoff@gmail.com', NULL, NULL, '2025-07-03 01:21:23', 1),
	(2, 'Login Berhasil', 'ev.attoff@gmail.com', NULL, NULL, '2025-07-03 07:39:34', 1),
	(3, 'Login Berhasil', 'ev.attoff@gmail.com', NULL, NULL, '2025-07-03 07:39:46', 1),
	(4, 'Login Berhasil', 'ev.attoff@gmail.com', NULL, NULL, '2025-07-07 07:40:46', 1),
	(5, 'Login Berhasil', 'ev.attoff@gmail.com', NULL, NULL, '2025-07-08 08:06:32', 1),
	(6, 'Login Berhasil', 'ev.attoff@gmail.com', NULL, NULL, '2025-07-08 08:19:59', 1),
	(7, 'Login Berhasil', 'ev.attoff@gmail.com', NULL, NULL, '2025-07-09 02:25:24', 1),
	(8, 'Login Berhasil', 'ev.attoff@gmail.com', NULL, NULL, '2025-07-09 07:53:17', 1),
	(9, 'Login Berhasil', 'ev.attoff@gmail.com', NULL, NULL, '2025-07-10 02:17:30', 1),
	(10, 'Login Berhasil', 'ev.attoff@gmail.com', NULL, NULL, '2025-07-10 08:14:47', 1),
	(11, 'Login Berhasil', 'ev.attoff@gmail.com', NULL, NULL, '2025-07-23 10:16:42', 1),
	(12, 'Login Berhasil', 'ev.attoff@gmail.com', NULL, NULL, '2025-07-23 10:20:10', 1),
	(13, 'Login Berhasil', 'ev.attoff@gmail.com', NULL, NULL, '2025-08-04 09:02:27', 1),
	(14, 'Login Berhasil', 'ev.attoff@gmail.com', NULL, NULL, '2025-08-27 01:53:26', 1),
	(15, 'Login Berhasil', 'ev.attoff@gmail.com', NULL, NULL, '2025-08-27 07:29:22', 1),
	(16, 'Login Berhasil', 'ev.attoff@gmail.com', NULL, NULL, '2025-08-28 02:21:14', 1),
	(17, 'Tambah Peran', NULL, '{"name": "Dev Test 2", "is_enabled": "on", "description": "2635284639"}', '{"data": {"output": {"id": 21, "name": "Dev Test 2", "created_at": "2025-08-28T03:06:03.000000Z", "updated_at": "2025-08-28T03:06:03.000000Z", "description": "2635284639"}, "output_img": 1, "output_permission": null}, "status": true, "message": "Berhasil menyimpan data"}', '2025-08-28 03:06:03', NULL),
	(18, 'Tambah Peran', NULL, '{"name": "Dev Test 3", "is_enabled": "on", "description": "....lllkkkjjjj", "menu_action": ["1"]}', '{"data": {"output": {"id": 23, "name": "Dev Test 3", "created_at": "2025-08-28T03:08:39.000000Z", "updated_at": "2025-08-28T03:08:39.000000Z", "description": "....lllkkkjjjj"}, "output_img": 1, "output_permission": {"1": {"id": 7, "role_id": 23, "created_at": "2025-08-28T03:08:39.000000Z", "is_enabled": true, "updated_at": "2025-08-28T03:08:39.000000Z", "menu_action_id": "1"}}}, "status": true, "message": "Berhasil menyimpan data"}', '2025-08-28 03:08:39', NULL),
	(19, 'Login Berhasil', 'ev.attoff@gmail.com', NULL, NULL, '2025-08-28 03:55:00', 1),
	(20, 'Login Berhasil', 'ev.attoff@gmail.com', NULL, NULL, '2025-08-28 03:58:49', 1),
	(21, 'Tambah Peran', NULL, '{"name": "Readonly", "is_enabled": "on", "description": "....fy", "menu_action": ["1", "2", "3", "4", "5", "6"]}', '{"data": {"output": {"id": 25, "name": "Readonly", "created_at": "2025-08-28T04:07:20.000000Z", "updated_at": "2025-08-28T04:07:20.000000Z", "description": "....fy"}, "output_img": 1, "output_permission": {"1": {"id": 8, "role_id": 25, "created_at": "2025-08-28T04:07:20.000000Z", "is_enabled": true, "updated_at": "2025-08-28T04:07:20.000000Z", "menu_action_id": "1"}, "2": {"id": 9, "role_id": 25, "created_at": "2025-08-28T04:07:20.000000Z", "is_enabled": true, "updated_at": "2025-08-28T04:07:20.000000Z", "menu_action_id": "2"}, "3": {"id": 10, "role_id": 25, "created_at": "2025-08-28T04:07:20.000000Z", "is_enabled": true, "updated_at": "2025-08-28T04:07:20.000000Z", "menu_action_id": "3"}, "4": {"id": 11, "role_id": 25, "created_at": "2025-08-28T04:07:20.000000Z", "is_enabled": true, "updated_at": "2025-08-28T04:07:20.000000Z", "menu_action_id": "4"}, "5": {"id": 12, "role_id": 25, "created_at": "2025-08-28T04:07:20.000000Z", "is_enabled": true, "updated_at": "2025-08-28T04:07:20.000000Z", "menu_action_id": "5"}, "6": {"id": 13, "role_id": 25, "created_at": "2025-08-28T04:07:20.000000Z", "is_enabled": true, "updated_at": "2025-08-28T04:07:20.000000Z", "menu_action_id": "6"}}}, "status": true, "message": "Berhasil menyimpan data"}', '2025-08-28 04:07:20', NULL),
	(22, 'Tambah Peran', NULL, '{"name": "Readonly 2", "is_enabled": "on", "description": "123", "menu_action": ["5"]}', '{"data": {"output": {"id": 26, "name": "Readonly 2", "created_at": "2025-08-28T04:08:32.000000Z", "updated_at": "2025-08-28T04:08:32.000000Z", "description": "123"}, "output_img": 1, "output_permission": {"5": {"id": 14, "role_id": 26, "created_at": "2025-08-28T04:08:32.000000Z", "is_enabled": true, "updated_at": "2025-08-28T04:08:32.000000Z", "menu_action_id": "5"}}}, "status": true, "message": "Berhasil menyimpan data"}', '2025-08-28 04:08:32', NULL),
	(23, 'Edit Peran', NULL, '{"id": "23", "name": "Dev Test 3", "description": "....lllkkkjjjj", "menu_action": ["1", "6"]}', '{"data": {"id": "23", "data": {"name": "Dev Test 3", "updated_by": 1, "description": "....lllkkkjjjj"}, "output": 1}, "status": true, "message": "Berhasil mengubah data"}', '2025-08-28 04:17:03', 1),
	(24, 'Login Berhasil', 'ev.attoff@gmail.com', NULL, NULL, '2025-08-28 07:20:36', 1),
	(25, 'Edit Peran', NULL, '{"name": "admin7", "is_enabled": "on", "description": "Development Admin", "menu_action": ["1", "7", "12", "17", "2", "8", "13", "18", "3", "9", "14", "19", "4", "10", "15", "20", "22", "23", "5", "11", "16", "21", "24", "25", "6"]}', '{"data": {"id": "2", "data": {"name": "admin7", "is_enabled": "on", "updated_by": 1, "description": "Development Admin"}, "output": 1}, "status": true, "message": "Berhasil mengubah data"}', '2025-08-28 07:25:47', 1),
	(26, 'Edit Peran', NULL, '{"name": "admin7", "is_enabled": "on", "description": "Development Admin", "menu_action": ["1", "7", "12", "17", "2", "8", "13", "18", "3", "9", "14", "19", "4", "10", "15", "20", "22", "23", "5", "11", "16", "21", "24", "25", "6"]}', '{"data": {"id": "2", "data": {"name": "admin7", "is_enabled": "on", "updated_by": 1, "description": "Development Admin"}, "output": 1}, "status": true, "message": "Berhasil mengubah data"}', '2025-08-28 07:44:23', 1),
	(27, 'Login Berhasil', 'ev.attoff@gmail.com', NULL, NULL, '2025-08-28 07:52:26', 1),
	(30, 'Hapus Peran', NULL, '21', '{"data": {"id": 21, "name": "Dev Test 2", "created_at": "2025-08-28T03:06:03.000000Z", "created_by": null, "deleted_at": null, "deleted_by": null, "is_enabled": "on", "updated_at": "2025-08-28T03:06:03.000000Z", "updated_by": null, "description": "2635284639"}, "status": true, "message": "Berhasil menghapus data"}', '2025-08-28 08:12:18', NULL),
	(31, 'Hapus Peran', NULL, '16', '{"data": {"id": 16, "name": "Dev Test", "created_at": "2025-08-28T02:51:56.000000Z", "created_by": null, "deleted_at": null, "deleted_by": null, "is_enabled": "on", "updated_at": "2025-08-28T02:51:56.000000Z", "updated_by": null, "description": "2635284639"}, "status": true, "message": "Berhasil menghapus data"}', '2025-08-28 08:12:31', NULL),
	(32, 'Login Berhasil', 'ev.attoff@gmail.com', NULL, NULL, '2025-09-01 03:41:47', 1),
	(33, 'Login Berhasil', 'ev.attoff@gmail.com', NULL, NULL, '2025-09-01 06:49:33', 1),
	(34, 'Login Berhasil', 'ev.attoff@gmail.com', NULL, NULL, '2025-09-04 02:34:42', 1),
	(35, 'Login Berhasil', 'ev.attoff@gmail.com', NULL, NULL, '2025-09-04 07:17:10', 1),
	(36, 'Login Berhasil', 'ev.attoff@gmail.com', NULL, NULL, '2025-09-08 01:55:52', 1),
	(37, 'Login Berhasil', 'ev.attoff@gmail.com', NULL, NULL, '2025-09-08 06:27:47', 1),
	(38, 'Login Berhasil', 'ev.attoff@gmail.com', NULL, NULL, '2025-09-09 01:09:41', 1),
	(39, 'Login Berhasil', 'ev.attoff@gmail.com', NULL, NULL, '2025-09-09 07:06:11', 1),
	(40, 'Login Berhasil', 'ev.attoff@gmail.com', NULL, NULL, '2025-09-10 00:57:01', 1),
	(41, 'Login Berhasil', 'ev.attoff@gmail.com', NULL, NULL, '2025-09-11 01:06:47', 1),
	(42, 'Login Berhasil', 'ev.attoff@gmail.com', NULL, NULL, '2025-09-11 06:49:10', 1),
	(43, 'Login Berhasil', 'ev.attoff@gmail.com', NULL, NULL, '2025-09-15 12:58:04', 1),
	(44, 'Login Berhasil', 'ev.attoff@gmail.com', NULL, NULL, '2025-09-16 01:25:06', 1),
	(45, 'Login Berhasil', 'ev.attoff@gmail.com', NULL, NULL, '2025-09-16 07:16:50', 1),
	(46, 'Login Berhasil', 'ev.attoff@gmail.com', NULL, NULL, '2025-09-18 00:53:14', 1),
	(47, 'Login Berhasil', 'ev.attoff@gmail.com', NULL, NULL, '2025-09-18 06:42:37', 1),
	(48, 'Login Berhasil', 'ev.attoff@gmail.com', NULL, NULL, '2025-09-19 07:55:57', 1),
	(49, 'Login Berhasil', 'ev.attoff@gmail.com', NULL, NULL, '2025-09-22 03:08:51', 1);

-- Dumping structure for table simpeg_local.menus
CREATE TABLE IF NOT EXISTS `menus` (
  `id` bigint unsigned NOT NULL AUTO_INCREMENT,
  `parent_id` smallint unsigned DEFAULT NULL,
  `name` varchar(255) COLLATE utf8mb4_unicode_ci NOT NULL,
  `slug` varchar(255) CHARACTER SET utf8mb4 COLLATE utf8mb4_unicode_ci DEFAULT NULL,
  `icon` varchar(255) COLLATE utf8mb4_unicode_ci DEFAULT NULL,
  `is_menu_with_action` tinyint(1) NOT NULL DEFAULT '1',
  `sort_order` int NOT NULL DEFAULT '0',
  `is_enabled` tinyint(1) NOT NULL DEFAULT '1',
  `display_type` varchar(50) CHARACTER SET utf8mb4 COLLATE utf8mb4_unicode_ci DEFAULT NULL,
  `created_by` bigint unsigned DEFAULT NULL,
  `updated_by` bigint unsigned DEFAULT NULL,
  `deleted_by` bigint unsigned DEFAULT NULL,
  `created_at` timestamp NULL DEFAULT NULL,
  `updated_at` timestamp NULL DEFAULT NULL,
  `deleted_at` timestamp NULL DEFAULT NULL,
  PRIMARY KEY (`id`)
) ENGINE=InnoDB AUTO_INCREMENT=9 DEFAULT CHARSET=utf8mb4 COLLATE=utf8mb4_unicode_ci;

-- Dumping data for table simpeg_local.menus: ~8 rows (approximately)
DELETE FROM `menus`;
INSERT INTO `menus` (`id`, `parent_id`, `name`, `slug`, `icon`, `is_menu_with_action`, `sort_order`, `is_enabled`, `display_type`, `created_by`, `updated_by`, `deleted_by`, `created_at`, `updated_at`, `deleted_at`) VALUES
	(1, NULL, 'Operasional', NULL, NULL, 0, 0, 1, 'divider-text', NULL, NULL, NULL, NULL, NULL, NULL),
	(2, NULL, 'Pengaturan', '', '', 0, 0, 1, 'divider-text', NULL, NULL, NULL, NULL, NULL, NULL),
	(3, 2, 'Kelola Akses', '/roles', 'scan-face', 1, 1, 1, '', NULL, NULL, NULL, NULL, NULL, NULL),
	(4, 2, 'Group Pengguna', '/user-groups', 'component', 1, 2, 1, NULL, NULL, NULL, NULL, NULL, NULL, NULL),
	(5, 2, 'Pengguna', '/users', 'smile', 1, 3, 1, NULL, NULL, NULL, NULL, NULL, NULL, NULL),
	(6, 1, 'Statistik', '/statistics', 'candlestick-chart', 1, 1, 1, NULL, NULL, NULL, NULL, NULL, NULL, NULL),
	(7, 1, 'Data Kepegawaian', '/employees', 'building-2', 1, 2, 1, NULL, NULL, NULL, NULL, NULL, NULL, NULL),
	(8, 1, 'Log App', '/logs', 'file-clock', 1, 3, 1, NULL, NULL, NULL, NULL, NULL, NULL, NULL);

-- Dumping structure for table simpeg_local.menu_actions
CREATE TABLE IF NOT EXISTS `menu_actions` (
  `id` bigint unsigned NOT NULL AUTO_INCREMENT,
  `menu_id` bigint unsigned NOT NULL,
  `name` varchar(255) COLLATE utf8mb4_unicode_ci NOT NULL,
  `slug` varchar(255) COLLATE utf8mb4_unicode_ci NOT NULL,
  `label` varchar(255) COLLATE utf8mb4_unicode_ci DEFAULT NULL,
  `is_enabled` tinyint(1) NOT NULL DEFAULT '1',
  `created_by` bigint unsigned DEFAULT NULL,
  `updated_by` bigint unsigned DEFAULT NULL,
  `deleted_by` bigint unsigned DEFAULT NULL,
  `created_at` timestamp NULL DEFAULT NULL,
  `updated_at` timestamp NULL DEFAULT NULL,
  `deleted_at` timestamp NULL DEFAULT NULL,
  PRIMARY KEY (`id`),
  KEY `menu_actions_menu_id_foreign` (`menu_id`),
  CONSTRAINT `menu_actions_menu_id_foreign` FOREIGN KEY (`menu_id`) REFERENCES `menus` (`id`) ON DELETE CASCADE
) ENGINE=InnoDB AUTO_INCREMENT=26 DEFAULT CHARSET=utf8mb4 COLLATE=utf8mb4_unicode_ci;

-- Dumping data for table simpeg_local.menu_actions: ~25 rows (approximately)
DELETE FROM `menu_actions`;
INSERT INTO `menu_actions` (`id`, `menu_id`, `name`, `slug`, `label`, `is_enabled`, `created_by`, `updated_by`, `deleted_by`, `created_at`, `updated_at`, `deleted_at`) VALUES
	(1, 3, 'read-list', '/role', 'Daftar Data', 1, NULL, NULL, NULL, NULL, NULL, NULL),
	(2, 4, 'read-list', '/user-group', 'Daftar Data', 1, NULL, NULL, NULL, NULL, NULL, NULL),
	(3, 5, 'read-list', '/user', 'Daftar Data', 1, NULL, NULL, NULL, NULL, NULL, NULL),
	(4, 6, 'read-list', '/statistic', 'Daftar Data', 1, NULL, NULL, NULL, NULL, NULL, NULL),
	(5, 7, 'read-list', '/employee', 'Daftar Data', 1, NULL, NULL, NULL, NULL, NULL, NULL),
	(6, 8, 'read-list', '/log', 'Daftar Data', 1, NULL, NULL, NULL, NULL, NULL, NULL),
	(7, 3, 'add', '/role', 'Tambah', 1, NULL, NULL, NULL, NULL, NULL, NULL),
	(8, 4, 'add', '/user-group', 'Tambah', 1, NULL, NULL, NULL, NULL, NULL, NULL),
	(9, 5, 'add', '/user', 'Tambah', 1, NULL, NULL, NULL, NULL, NULL, NULL),
	(10, 6, 'add', '/statistic', 'Tambah', 1, NULL, NULL, NULL, NULL, NULL, NULL),
	(11, 7, 'add', '/employee', 'Tambah', 1, NULL, NULL, NULL, NULL, NULL, NULL),
	(12, 3, 'edit', '/role', 'Edit', 1, NULL, NULL, NULL, NULL, NULL, NULL),
	(13, 4, 'edit', '/user-group', 'Edit', 1, NULL, NULL, NULL, NULL, NULL, NULL),
	(14, 5, 'edit', '/user', 'Edit', 1, NULL, NULL, NULL, NULL, NULL, NULL),
	(15, 6, 'edit', '/statistic', 'Edit', 1, NULL, NULL, NULL, NULL, NULL, NULL),
	(16, 7, 'edit', '/employee', 'Edit', 1, NULL, NULL, NULL, NULL, NULL, NULL),
	(17, 3, 'delete', '/role', 'Hapus', 1, NULL, NULL, NULL, NULL, NULL, NULL),
	(18, 4, 'delete', '/user-group', 'Hapus', 1, NULL, NULL, NULL, NULL, NULL, NULL),
	(19, 5, 'delete', '/user', 'Hapus', 1, NULL, NULL, NULL, NULL, NULL, NULL),
	(20, 6, 'delete', '/statistic', 'Hapus', 1, NULL, NULL, NULL, NULL, NULL, NULL),
	(21, 7, 'delete', '/employee', 'Hapus', 1, NULL, NULL, NULL, NULL, NULL, NULL),
	(22, 6, 'export_csv', '/statistic', 'Ekspor CSV', 1, NULL, NULL, NULL, NULL, NULL, NULL),
	(23, 6, 'export_pdf', '/statistic', 'Ekspor PDF', 1, NULL, NULL, NULL, NULL, NULL, NULL),
	(24, 7, 'export_csv', '/employee', 'Ekspor CSV', 1, NULL, NULL, NULL, NULL, NULL, NULL),
	(25, 7, 'export_pdf', '/employee', 'Ekspor PDF', 1, NULL, NULL, NULL, NULL, NULL, NULL);

-- Dumping structure for table simpeg_local.meta_activity
CREATE TABLE IF NOT EXISTS `meta_activity` (
  `name` varchar(255) COLLATE utf8mb4_unicode_ci NOT NULL,
  `last_activity` timestamp NOT NULL DEFAULT CURRENT_TIMESTAMP,
  `created_at` timestamp NULL DEFAULT NULL,
  `updated_at` timestamp NULL DEFAULT NULL,
  PRIMARY KEY (`name`)
) ENGINE=InnoDB DEFAULT CHARSET=utf8mb4 COLLATE=utf8mb4_unicode_ci;

-- Dumping data for table simpeg_local.meta_activity: ~8 rows (approximately)
DELETE FROM `meta_activity`;
INSERT INTO `meta_activity` (`name`, `last_activity`, `created_at`, `updated_at`) VALUES
	('job_chart', '2025-09-18 03:05:05', '2025-09-18 03:05:05', '2025-09-18 03:05:10'),
	('job_chart_details', '2025-09-18 03:05:05', '2025-09-18 03:05:05', '2025-09-18 03:05:10'),
	('logs', '2025-09-22 03:08:51', '2025-09-22 03:08:51', '2025-09-22 03:08:51'),
	('pegawai', '2025-09-16 01:58:04', '2025-09-16 01:58:04', '2025-09-16 01:58:04'),
	('role_permissions', '2025-09-16 01:58:04', '2025-09-16 01:58:04', '2025-09-16 01:58:04'),
	('roles', '2025-09-16 01:58:04', '2025-09-16 01:58:04', '2025-09-16 01:58:04'),
	('user_groups', '2025-09-16 01:58:04', '2025-09-16 01:58:04', '2025-09-16 01:58:04'),
	('users', '2025-09-16 01:58:04', '2025-09-16 01:58:04', '2025-09-16 01:58:04');

-- Dumping structure for table simpeg_local.migrations
CREATE TABLE IF NOT EXISTS `migrations` (
  `id` int unsigned NOT NULL AUTO_INCREMENT,
  `migration` varchar(255) COLLATE utf8mb4_unicode_ci NOT NULL,
  `batch` int NOT NULL,
  PRIMARY KEY (`id`)
) ENGINE=InnoDB AUTO_INCREMENT=37 DEFAULT CHARSET=utf8mb4 COLLATE=utf8mb4_unicode_ci;

-- Dumping data for table simpeg_local.migrations: ~29 rows (approximately)
DELETE FROM `migrations`;
INSERT INTO `migrations` (`id`, `migration`, `batch`) VALUES
	(1, '0001_01_01_000000_create_users_table', 1),
	(2, '0001_01_01_000001_create_cache_table', 1),
	(3, '0001_01_01_000002_create_jobs_table', 1),
	(4, '2025_06_24_040826_create_oauth_auth_codes_table', 1),
	(5, '2025_06_24_040827_create_oauth_access_tokens_table', 1),
	(6, '2025_06_24_040828_create_oauth_refresh_tokens_table', 1),
	(7, '2025_06_24_040829_create_oauth_clients_table', 1),
	(8, '2025_06_24_040830_create_oauth_device_codes_table', 1),
	(9, '2025_06_25_015548_create_pegawai_table', 2),
	(10, '2025_06_25_015926_create_pangkat_golongan_table', 2),
	(11, '2025_06_25_020020_create_jenis_jabatan_table', 2),
	(12, '2025_06_25_020119_create_jabatan_table', 2),
	(13, '2025_06_25_020119_create_penempatan_table', 2),
	(14, '2025_07_01_000001_add_extra_fields_to_users_table', 3),
	(15, '2025_07_01_103649_create_user_groups_table', 4),
	(16, '2025_07_01_110609_create_menus_table', 5),
	(17, '2025_07_01_110615_create_menu_actions_table', 6),
	(18, '2025_07_01_110626_create_role_permissions_table', 7),
	(19, '2025_07_01_145604_create_roles_table', 8),
	(20, '2025_07_01_145605_create_role_permissions_table', 9),
	(22, '2025_07_02_150926_create_logs_table', 10),
	(23, '2025_07_03_082313_create_options_table', 11),
	(28, '2025_09_04_143041_create_provinces_table', 12),
	(29, '2025_09_04_143127_create_cities_table', 12),
	(32, '2025_09_04_143139_create_districs_table', 13),
	(33, '2025_09_04_143149_create_villages_table', 13),
	(34, '2025_09_16_083328_create_meta_activity_table', 14),
	(35, '2025_09_16_153934_create_job_chart_table', 15),
	(36, '2025_09_16_154310_create_job_chart_detail_table', 15);

-- Dumping structure for table simpeg_local.oauth_access_tokens
CREATE TABLE IF NOT EXISTS `oauth_access_tokens` (
  `id` char(80) COLLATE utf8mb4_unicode_ci NOT NULL,
  `user_id` bigint unsigned DEFAULT NULL,
  `client_id` char(36) COLLATE utf8mb4_unicode_ci NOT NULL,
  `name` varchar(255) COLLATE utf8mb4_unicode_ci DEFAULT NULL,
  `scopes` text COLLATE utf8mb4_unicode_ci,
  `revoked` tinyint(1) NOT NULL,
  `created_at` timestamp NULL DEFAULT NULL,
  `updated_at` timestamp NULL DEFAULT NULL,
  `expires_at` datetime DEFAULT NULL,
  PRIMARY KEY (`id`),
  KEY `oauth_access_tokens_user_id_index` (`user_id`)
) ENGINE=InnoDB DEFAULT CHARSET=utf8mb4 COLLATE=utf8mb4_unicode_ci;

-- Dumping data for table simpeg_local.oauth_access_tokens: ~22 rows (approximately)
DELETE FROM `oauth_access_tokens`;
INSERT INTO `oauth_access_tokens` (`id`, `user_id`, `client_id`, `name`, `scopes`, `revoked`, `created_at`, `updated_at`, `expires_at`) VALUES
	('009adfa3f96c11f00975601fa48684bc399e646b37b7d9be44a59c42a33d07f1ef64230da4d08919', 1, '0197a01f-9e8e-73a3-9daf-93413e56fae9', 'auth_token', '[]', 0, '2025-09-22 03:08:55', '2025-09-22 03:08:55', '2026-09-22 10:08:55'),
	('056c53ec539622abf0d047684e60caf6c3eec796332a33da41d84e192eac6bc4b24d2d0755c085e2', 1, '0197a01f-9e8e-73a3-9daf-93413e56fae9', 'auth_token', '[]', 0, '2025-08-28 07:52:26', '2025-08-28 07:52:26', '2026-08-28 14:52:26'),
	('0e98b42f9509252cdfd9577b966127e2d6948aa7cfe9e7055b02abf2b6b70ff130a41287a4e16944', 1, '0197a01f-9e8e-73a3-9daf-93413e56fae9', 'auth_token', '[]', 0, '2025-09-15 12:58:08', '2025-09-15 12:58:08', '2026-09-15 19:58:08'),
	('32d30232ad1ca316f64255852ca7abb62eb42019340b85e4c351c9cefdad83ef0da276ef3eadd119', 1, '0197a01f-9e8e-73a3-9daf-93413e56fae9', 'auth_token', '[]', 0, '2025-09-19 07:56:00', '2025-09-19 07:56:00', '2026-09-19 14:56:00'),
	('45fc8e94f11ef411a9ce5dfbd89f2526c43ba5f767607f5118a2fca54fda4fbafe6713275dfd5036', 1, '0197a01f-9e8e-73a3-9daf-93413e56fae9', 'auth_token', '[]', 0, '2025-09-04 02:34:45', '2025-09-04 02:34:45', '2026-09-04 09:34:45'),
	('47d0e00ceb9400053bc479704787409456f213994cf3d61af0e4701cae9771604874c5a16d6157ba', 1, '0197a01f-9e8e-73a3-9daf-93413e56fae9', 'auth_token', '[]', 0, '2025-09-01 03:41:49', '2025-09-01 03:41:49', '2026-09-01 10:41:49'),
	('6d180d7aeaaf5bfdaacf0f38b12e7952934a836791ac871b6286914105ab85a67326090c5067c25d', 1, '0197a01f-9e8e-73a3-9daf-93413e56fae9', 'auth_token', '[]', 0, '2025-09-01 06:49:33', '2025-09-01 06:49:33', '2026-09-01 13:49:33'),
	('8488737da4ebac0eff44f6cf48bb6f6af889155cb10aee0ddfda36f482e86c22fb78644c8cc52d74', 1, '0197a01f-9e8e-73a3-9daf-93413e56fae9', 'auth_token', '[]', 0, '2025-09-11 06:49:11', '2025-09-11 06:49:11', '2026-09-11 13:49:11'),
	('87cc699574efd1fd5ad0509bfe671ed9144c0ab3578363cb966b3cdfe3837b5a8cc3a815802c94a5', 1, '0197a01f-9e8e-73a3-9daf-93413e56fae9', 'auth_token', '[]', 0, '2025-09-10 00:57:04', '2025-09-10 00:57:05', '2026-09-10 07:57:04'),
	('89a87b794519b5a1180ebd9be580db5f24861a7eb6ac91fc78af4761b008ad3e8145a5230ea913e3', 1, '0197a01f-9e8e-73a3-9daf-93413e56fae9', 'auth_token', '[]', 0, '2025-09-08 06:27:47', '2025-09-08 06:27:47', '2026-09-08 13:27:47'),
	('a1122527d9e9ba7171c46182041c7c1182d1a891284653da8da6292acb6419c0b6d1e6930aaaf388', 1, '0197a01f-9e8e-73a3-9daf-93413e56fae9', 'auth_token', '[]', 0, '2025-08-28 07:20:36', '2025-08-28 07:20:36', '2026-08-28 14:20:36'),
	('b4265f610d55238a9cfce95012d531a075f2d1118af1a97920d20c181fab8982d93bd652fd604205', 1, '0197a01f-9e8e-73a3-9daf-93413e56fae9', 'auth_token', '[]', 0, '2025-09-04 07:17:10', '2025-09-04 07:17:10', '2026-09-04 14:17:10'),
	('ba9ae68039dd3296876950d7bdd20dac67123bb5a17bb85f37ad2ff0c0065c51d3dfa0a0d397073c', 1, '0197a01f-9e8e-73a3-9daf-93413e56fae9', 'auth_token', '[]', 0, '2025-09-18 06:42:37', '2025-09-18 06:42:37', '2026-09-18 13:42:37'),
	('c4335fe63164b4bab5bb03a704dca2ab3e18c0e333165b5e1a5e7f59b21df5a343d9046eb889121e', 1, '0197a01f-9e8e-73a3-9daf-93413e56fae9', 'auth_token', '[]', 0, '2025-09-16 07:16:50', '2025-09-16 07:16:50', '2026-09-16 14:16:50'),
	('d3f4c7927ed8b7eb711d4a7e7a1645da9762e8e832aa0326483da542cb8549647482bb64db6872d0', 1, '0197a01f-9e8e-73a3-9daf-93413e56fae9', 'SimpegLocalIAKN', '[]', 0, '2025-06-30 20:06:34', '2025-06-30 20:06:34', '2026-07-01 03:06:34'),
	('dfce5f6ec8ba88b632adc73b3d238e12f99a41315b762d225e49859c06c88015f616a557d8db71b0', 1, '0197a01f-9e8e-73a3-9daf-93413e56fae9', 'auth_token', '[]', 0, '2025-09-16 01:25:08', '2025-09-16 01:25:08', '2026-09-16 08:25:08'),
	('ea2dc347b895989d7e7318681425ebff28d0ba6a50db95d87c0ffe848eaa113c20c02db24e36742b', 1, '0197a01f-9e8e-73a3-9daf-93413e56fae9', 'auth_token', '[]', 0, '2025-09-18 00:53:19', '2025-09-18 00:53:19', '2026-09-18 07:53:19'),
	('eac9d8b01655e51e71afbfd1cb0ef6f00b78051d5092116255b85a1792914efa5ca43480b353e229', 1, '0197a01f-9e8e-73a3-9daf-93413e56fae9', 'auth_token', '[]', 0, '2025-09-11 01:06:51', '2025-09-11 01:06:51', '2026-09-11 08:06:51'),
	('f40384ecad8983c96e3130b725e4117013499c48736b1a0fd0134bda53fae6dd438f37a21bfdaaa3', 1, '0197a01f-9e8e-73a3-9daf-93413e56fae9', 'auth_token', '[]', 0, '2025-09-09 07:06:11', '2025-09-09 07:06:11', '2026-09-09 14:06:11'),
	('f78c6742e2c93da6b2b5bd46642475a30f9541bb40bfd51beda3725d70058ae98490241b75c950d3', 1, '0197a01f-9e8e-73a3-9daf-93413e56fae9', 'auth_token', '[]', 0, '2025-08-28 03:58:52', '2025-08-28 03:58:52', '2026-08-28 10:58:52'),
	('f90799e5faf33488ba317a7703de4641240f2e1ebf67350bda597dff474f78223e0927986ce4ff5a', 1, '0197a01f-9e8e-73a3-9daf-93413e56fae9', 'auth_token', '[]', 0, '2025-09-09 01:09:45', '2025-09-09 01:09:45', '2026-09-09 08:09:45'),
	('f9887af801658d0933168e5cabdc447a1fc28dd4f167f1b685ec3ca25b67808f91cc787fb1838613', 1, '0197a01f-9e8e-73a3-9daf-93413e56fae9', 'auth_token', '[]', 0, '2025-09-08 01:55:56', '2025-09-08 01:55:56', '2026-09-08 08:55:56');

-- Dumping structure for table simpeg_local.oauth_auth_codes
CREATE TABLE IF NOT EXISTS `oauth_auth_codes` (
  `id` char(80) COLLATE utf8mb4_unicode_ci NOT NULL,
  `user_id` bigint unsigned NOT NULL,
  `client_id` char(36) COLLATE utf8mb4_unicode_ci NOT NULL,
  `scopes` text COLLATE utf8mb4_unicode_ci,
  `revoked` tinyint(1) NOT NULL,
  `expires_at` datetime DEFAULT NULL,
  PRIMARY KEY (`id`),
  KEY `oauth_auth_codes_user_id_index` (`user_id`)
) ENGINE=InnoDB DEFAULT CHARSET=utf8mb4 COLLATE=utf8mb4_unicode_ci;

-- Dumping data for table simpeg_local.oauth_auth_codes: ~0 rows (approximately)
DELETE FROM `oauth_auth_codes`;

-- Dumping structure for table simpeg_local.oauth_clients
CREATE TABLE IF NOT EXISTS `oauth_clients` (
  `id` char(36) COLLATE utf8mb4_unicode_ci NOT NULL,
  `owner_type` varchar(255) COLLATE utf8mb4_unicode_ci DEFAULT NULL,
  `owner_id` bigint unsigned DEFAULT NULL,
  `name` varchar(255) COLLATE utf8mb4_unicode_ci NOT NULL,
  `secret` varchar(255) COLLATE utf8mb4_unicode_ci DEFAULT NULL,
  `provider` varchar(255) COLLATE utf8mb4_unicode_ci DEFAULT NULL,
  `redirect_uris` text COLLATE utf8mb4_unicode_ci NOT NULL,
  `grant_types` text COLLATE utf8mb4_unicode_ci NOT NULL,
  `revoked` tinyint(1) NOT NULL,
  `created_at` timestamp NULL DEFAULT NULL,
  `updated_at` timestamp NULL DEFAULT NULL,
  PRIMARY KEY (`id`),
  KEY `oauth_clients_owner_type_owner_id_index` (`owner_type`,`owner_id`)
) ENGINE=InnoDB DEFAULT CHARSET=utf8mb4 COLLATE=utf8mb4_unicode_ci;

-- Dumping data for table simpeg_local.oauth_clients: ~1 rows (approximately)
DELETE FROM `oauth_clients`;
INSERT INTO `oauth_clients` (`id`, `owner_type`, `owner_id`, `name`, `secret`, `provider`, `redirect_uris`, `grant_types`, `revoked`, `created_at`, `updated_at`) VALUES
	('0197a01f-9e8e-73a3-9daf-93413e56fae9', NULL, NULL, 'SIMPEG LOKAL - IAKN', '$2y$12$JXuOj..W58hY/.ShIdFgKeNwMMGemoX2hRBsbLpT9X/JKhSI0Mt/W', 'users', '[]', '["personal_access"]', 0, '2025-06-23 21:08:36', '2025-06-23 21:08:36');

-- Dumping structure for table simpeg_local.oauth_device_codes
CREATE TABLE IF NOT EXISTS `oauth_device_codes` (
  `id` char(80) COLLATE utf8mb4_unicode_ci NOT NULL,
  `user_id` bigint unsigned DEFAULT NULL,
  `client_id` char(36) COLLATE utf8mb4_unicode_ci NOT NULL,
  `user_code` char(8) COLLATE utf8mb4_unicode_ci NOT NULL,
  `scopes` text COLLATE utf8mb4_unicode_ci NOT NULL,
  `revoked` tinyint(1) NOT NULL,
  `user_approved_at` datetime DEFAULT NULL,
  `last_polled_at` datetime DEFAULT NULL,
  `expires_at` datetime DEFAULT NULL,
  PRIMARY KEY (`id`),
  UNIQUE KEY `oauth_device_codes_user_code_unique` (`user_code`),
  KEY `oauth_device_codes_user_id_index` (`user_id`),
  KEY `oauth_device_codes_client_id_index` (`client_id`)
) ENGINE=InnoDB DEFAULT CHARSET=utf8mb4 COLLATE=utf8mb4_unicode_ci;

-- Dumping data for table simpeg_local.oauth_device_codes: ~0 rows (approximately)
DELETE FROM `oauth_device_codes`;

-- Dumping structure for table simpeg_local.oauth_refresh_tokens
CREATE TABLE IF NOT EXISTS `oauth_refresh_tokens` (
  `id` char(80) COLLATE utf8mb4_unicode_ci NOT NULL,
  `access_token_id` char(80) COLLATE utf8mb4_unicode_ci NOT NULL,
  `revoked` tinyint(1) NOT NULL,
  `expires_at` datetime DEFAULT NULL,
  PRIMARY KEY (`id`),
  KEY `oauth_refresh_tokens_access_token_id_index` (`access_token_id`)
) ENGINE=InnoDB DEFAULT CHARSET=utf8mb4 COLLATE=utf8mb4_unicode_ci;

-- Dumping data for table simpeg_local.oauth_refresh_tokens: ~0 rows (approximately)
DELETE FROM `oauth_refresh_tokens`;

-- Dumping structure for table simpeg_local.options
CREATE TABLE IF NOT EXISTS `options` (
  `id` bigint unsigned NOT NULL AUTO_INCREMENT,
  `type` varchar(255) COLLATE utf8mb4_unicode_ci NOT NULL,
  `value` varchar(255) COLLATE utf8mb4_unicode_ci NOT NULL,
  `value2` varchar(255) COLLATE utf8mb4_unicode_ci DEFAULT NULL,
  `label` varchar(255) COLLATE utf8mb4_unicode_ci DEFAULT NULL,
  `description` text COLLATE utf8mb4_unicode_ci,
  `color` varchar(10) COLLATE utf8mb4_unicode_ci DEFAULT NULL,
  `img_main` varchar(255) COLLATE utf8mb4_unicode_ci DEFAULT NULL,
  `created_by` bigint unsigned DEFAULT NULL,
  `updated_by` bigint unsigned DEFAULT NULL,
  `deleted_by` bigint unsigned DEFAULT NULL,
  `created_at` timestamp NULL DEFAULT NULL,
  `updated_at` timestamp NULL DEFAULT NULL,
  `deleted_at` timestamp NULL DEFAULT NULL,
  PRIMARY KEY (`id`)
) ENGINE=InnoDB AUTO_INCREMENT=24 DEFAULT CHARSET=utf8mb4 COLLATE=utf8mb4_unicode_ci;

-- Dumping data for table simpeg_local.options: ~23 rows (approximately)
DELETE FROM `options`;
INSERT INTO `options` (`id`, `type`, `value`, `value2`, `label`, `description`, `color`, `img_main`, `created_by`, `updated_by`, `deleted_by`, `created_at`, `updated_at`, `deleted_at`) VALUES
	(1, 'STATUS_PEGAWAI', 'aktif', NULL, 'Aktif', NULL, '#16A34A', NULL, NULL, NULL, NULL, NULL, NULL, NULL),
	(2, 'STATUS_PEGAWAI', 'tugas belajar', NULL, 'Tugas Belajar', NULL, '#F59E0B', NULL, NULL, NULL, NULL, NULL, NULL, NULL),
	(3, 'JENIS_PEGAWAI', 'administrasi', NULL, 'Administrasi', NULL, '#0EA5E9', NULL, NULL, NULL, NULL, NULL, NULL, NULL),
	(4, 'JENIS_PEGAWAI', 'dosen', NULL, 'Dosen', NULL, '#1E3A8A', NULL, NULL, NULL, NULL, NULL, NULL, NULL),
	(5, 'JENIS_PEGAWAI', 'honorer', NULL, 'Honorer', NULL, '#F59E0B', NULL, NULL, NULL, NULL, NULL, NULL, NULL),
	(6, 'STATUS_KEPEGAWAIAN', 'pns', NULL, 'PNS', NULL, '#1E3A8A', NULL, NULL, NULL, NULL, NULL, NULL, NULL),
	(7, 'STATUS_KEPEGAWAIAN', 'pppk', NULL, 'PPPK', NULL, '#0EA5E9', NULL, NULL, NULL, NULL, NULL, NULL, NULL),
	(8, 'STATUS_KEPEGAWAIAN', 'honorer', NULL, 'Honorer', NULL, '#F59E0B', NULL, NULL, NULL, NULL, NULL, NULL, NULL),
	(9, 'JENIS_KELAMIN', 'p', NULL, 'Perempuan', NULL, '#ff99cc', NULL, NULL, NULL, NULL, NULL, NULL, NULL),
	(10, 'JENIS_KELAMIN', 'l', NULL, 'Laki-laki', NULL, '#99ccff', NULL, NULL, NULL, NULL, NULL, NULL, NULL),
	(11, 'STATUS_PERKAWINAN', 'kawin', NULL, 'Kawin', NULL, '#7C3AED', NULL, NULL, NULL, NULL, NULL, NULL, NULL),
	(12, 'STATUS_PERKAWINAN', 'belum_kawin', NULL, 'Belum Kawin', NULL, '#6B7280', NULL, NULL, NULL, NULL, NULL, NULL, NULL),
	(13, 'AGAMA', 'islam', NULL, 'Islam', NULL, '#16A34A', NULL, NULL, NULL, NULL, NULL, NULL, NULL),
	(14, 'AGAMA', 'kristen', NULL, 'Kristen', NULL, '#0EA5E9', NULL, NULL, NULL, NULL, NULL, NULL, NULL),
	(15, 'AGAMA', 'hindu', NULL, 'Hindu', NULL, '#E879F9', NULL, NULL, NULL, NULL, NULL, NULL, NULL),
	(16, 'TINGKAT_PENDIDIKAN', 's3', NULL, 'S-3', NULL, '#B91C1C', NULL, NULL, NULL, NULL, NULL, NULL, NULL),
	(17, 'TINGKAT_PENDIDIKAN', 's2', NULL, 'S-2', NULL, '#DC2626', NULL, NULL, NULL, NULL, NULL, NULL, NULL),
	(18, 'TINGKAT_PENDIDIKAN', 's1', NULL, 'S-1', NULL, '#F87171', NULL, NULL, NULL, NULL, NULL, NULL, NULL),
	(19, 'TINGKAT_PENDIDIKAN', 'd4', NULL, 'D-4', NULL, '#ff9966', NULL, NULL, NULL, NULL, NULL, NULL, NULL),
	(20, 'TINGKAT_PENDIDIKAN', 'd3', NULL, 'D-3', NULL, '#ffaa80', NULL, NULL, NULL, NULL, NULL, NULL, NULL),
	(21, 'TINGKAT_PENDIDIKAN', 'd2', NULL, 'D-2', NULL, '#ffbb99', NULL, NULL, NULL, NULL, NULL, NULL, NULL),
	(22, 'TINGKAT_PENDIDIKAN', 'd1', NULL, 'D-1', NULL, '#ffddcc', NULL, NULL, NULL, NULL, NULL, NULL, NULL),
	(23, 'TINGKAT_PENDIDIKAN', 'sma', NULL, 'SMA', NULL, '#ffeee6', NULL, NULL, NULL, NULL, NULL, NULL, NULL);

-- Dumping structure for table simpeg_local.pangkat_golongan
CREATE TABLE IF NOT EXISTS `pangkat_golongan` (
  `combined` varchar(10) COLLATE utf8mb4_unicode_ci NOT NULL,
  `golongan` varchar(5) COLLATE utf8mb4_unicode_ci NOT NULL,
  `ruang` varchar(5) COLLATE utf8mb4_unicode_ci NOT NULL,
  `pangkat` varchar(30) COLLATE utf8mb4_unicode_ci NOT NULL,
  `warna` varchar(10) COLLATE utf8mb4_unicode_ci NOT NULL,
  PRIMARY KEY (`golongan`,`ruang`,`combined`) USING BTREE
) ENGINE=InnoDB DEFAULT CHARSET=utf8mb4 COLLATE=utf8mb4_unicode_ci;

-- Dumping data for table simpeg_local.pangkat_golongan: ~19 rows (approximately)
DELETE FROM `pangkat_golongan`;
INSERT INTO `pangkat_golongan` (`combined`, `golongan`, `ruang`, `pangkat`, `warna`) VALUES
	('II.b', 'II', 'b', 'Pengatur Muda Tk. I', ''),
	('II.c', 'II', 'c', 'Pengatur', ''),
	('II.d', 'II', 'd', 'Pengatur Tk. I', ''),
	('III.a', 'III', 'a', 'Penata Muda', ''),
	('III.b', 'III', 'b', 'Penata Muda Tk. I', ''),
	('III.c', 'III', 'c', 'Penata', ''),
	('III.d', 'III', 'd', 'Penata Tk. I', ''),
	('IV.a', 'IV', 'a', 'Pembina', ''),
	('IV.b', 'IV', 'b', 'Pembina Tk. I', ''),
	('IV.c', 'IV', 'c', 'Pembina Utama Muda', ''),
	('IV.d', 'IV', 'd', 'Pembina Utama Madya', ''),
	('IV.e', 'IV', 'e', 'Pembina Utama', ''),
	('IX', 'IX', '', 'IX', ''),
	('V', 'V', '', 'V', ''),
	('VI', 'VI', '', 'VI', ''),
	('VII', 'VII', '', 'VII', ''),
	('X', 'X', '', 'X', ''),
	('XI', 'XI', '', 'XI', ''),
	('XII', 'XII', '', 'XII', '');

-- Dumping structure for table simpeg_local.password_reset_tokens
CREATE TABLE IF NOT EXISTS `password_reset_tokens` (
  `email` varchar(255) COLLATE utf8mb4_unicode_ci NOT NULL,
  `token` varchar(255) COLLATE utf8mb4_unicode_ci NOT NULL,
  `created_at` timestamp NULL DEFAULT NULL,
  PRIMARY KEY (`email`)
) ENGINE=InnoDB DEFAULT CHARSET=utf8mb4 COLLATE=utf8mb4_unicode_ci;

-- Dumping data for table simpeg_local.password_reset_tokens: ~0 rows (approximately)
DELETE FROM `password_reset_tokens`;

-- Dumping structure for table simpeg_local.pegawai
CREATE TABLE IF NOT EXISTS `pegawai` (
  `id` bigint unsigned NOT NULL AUTO_INCREMENT,
  `status` varchar(20) COLLATE utf8mb4_unicode_ci DEFAULT NULL,
  `nip` varchar(20) COLLATE utf8mb4_unicode_ci DEFAULT NULL,
  `nik` varchar(20) COLLATE utf8mb4_unicode_ci DEFAULT NULL,
  `nama` text COLLATE utf8mb4_unicode_ci NOT NULL,
  `tempat_lahir` varchar(255) COLLATE utf8mb4_unicode_ci DEFAULT NULL,
  `tanggal_lahir` date DEFAULT NULL,
  `jenis_kelamin` varchar(2) COLLATE utf8mb4_unicode_ci DEFAULT NULL,
  `agama` varchar(30) COLLATE utf8mb4_unicode_ci DEFAULT NULL,
  `status_perkawinan` varchar(20) COLLATE utf8mb4_unicode_ci DEFAULT NULL,
  `status_tanggungan` varchar(10) COLLATE utf8mb4_unicode_ci DEFAULT NULL,
  `hp` varchar(15) COLLATE utf8mb4_unicode_ci DEFAULT NULL,
  `email` varchar(255) COLLATE utf8mb4_unicode_ci DEFAULT NULL,
  `alamat` text COLLATE utf8mb4_unicode_ci,
  `kelurahan` varchar(100) COLLATE utf8mb4_unicode_ci DEFAULT NULL,
  `kecamatan` varchar(100) COLLATE utf8mb4_unicode_ci DEFAULT NULL,
  `kabupaten` varchar(100) COLLATE utf8mb4_unicode_ci DEFAULT NULL,
  `provinsi` varchar(100) COLLATE utf8mb4_unicode_ci DEFAULT NULL,
  `kode_pos` varchar(10) COLLATE utf8mb4_unicode_ci DEFAULT NULL,
  `jenis_pegawai` varchar(15) COLLATE utf8mb4_unicode_ci DEFAULT NULL,
  `status_kepegawaian` varchar(10) COLLATE utf8mb4_unicode_ci DEFAULT NULL,
  `golongan_ruang` varchar(50) CHARACTER SET utf8mb4 COLLATE utf8mb4_unicode_ci DEFAULT NULL,
  `kelas_jabatan` varchar(50) COLLATE utf8mb4_unicode_ci DEFAULT NULL,
  `jenis_jabatan` varchar(20) CHARACTER SET utf8mb4 COLLATE utf8mb4_unicode_ci DEFAULT NULL,
  `jabatan` varchar(50) CHARACTER SET utf8mb4 COLLATE utf8mb4_unicode_ci DEFAULT NULL,
  `pendidikan_terakhir` varchar(255) COLLATE utf8mb4_unicode_ci DEFAULT NULL,
  `jabatan_terakhir` text COLLATE utf8mb4_unicode_ci,
  `penempatan` int DEFAULT NULL,
  `nip_atasan` varchar(20) COLLATE utf8mb4_unicode_ci DEFAULT NULL,
  `tmt_nip` date DEFAULT NULL,
  `tmt` date DEFAULT NULL,
  `tugas_tambahan` varchar(255) COLLATE utf8mb4_unicode_ci DEFAULT NULL,
  `tmt_tugas_tambahan` date DEFAULT NULL,
  `karpeg` varchar(20) COLLATE utf8mb4_unicode_ci DEFAULT NULL,
  `karis` varchar(20) COLLATE utf8mb4_unicode_ci DEFAULT NULL,
  `kpe` varchar(20) COLLATE utf8mb4_unicode_ci DEFAULT NULL,
  `taspen` varchar(20) COLLATE utf8mb4_unicode_ci DEFAULT NULL,
  `npwp` varchar(20) COLLATE utf8mb4_unicode_ci DEFAULT NULL,
  `nuptk` varchar(20) COLLATE utf8mb4_unicode_ci DEFAULT NULL,
  `nidn` varchar(20) COLLATE utf8mb4_unicode_ci DEFAULT NULL,
  `no_rekening` varchar(50) COLLATE utf8mb4_unicode_ci DEFAULT NULL,
  `bank_rekening` varchar(20) COLLATE utf8mb4_unicode_ci DEFAULT NULL,
  `created_by` bigint unsigned DEFAULT NULL,
  `updated_by` bigint unsigned DEFAULT NULL,
  `deleted_by` bigint unsigned DEFAULT NULL,
  `created_at` timestamp NULL DEFAULT NULL,
  `updated_at` timestamp NULL DEFAULT NULL,
  `deleted_at` timestamp NULL DEFAULT NULL,
  PRIMARY KEY (`id`),
  UNIQUE KEY `nip` (`nip`)
) ENGINE=InnoDB AUTO_INCREMENT=153 DEFAULT CHARSET=utf8mb4 COLLATE=utf8mb4_unicode_ci;

-- Dumping data for table simpeg_local.pegawai: ~152 rows (approximately)
DELETE FROM `pegawai`;
INSERT INTO `pegawai` (`id`, `status`, `nip`, `nik`, `nama`, `tempat_lahir`, `tanggal_lahir`, `jenis_kelamin`, `agama`, `status_perkawinan`, `status_tanggungan`, `hp`, `email`, `alamat`, `kelurahan`, `kecamatan`, `kabupaten`, `provinsi`, `kode_pos`, `jenis_pegawai`, `status_kepegawaian`, `golongan_ruang`, `kelas_jabatan`, `jenis_jabatan`, `jabatan`, `pendidikan_terakhir`, `jabatan_terakhir`, `penempatan`, `nip_atasan`, `tmt_nip`, `tmt`, `tugas_tambahan`, `tmt_tugas_tambahan`, `karpeg`, `karis`, `kpe`, `taspen`, `npwp`, `nuptk`, `nidn`, `no_rekening`, `bank_rekening`, `created_by`, `updated_by`, `deleted_by`, `created_at`, `updated_at`, `deleted_at`) VALUES
	(1, 'aktif', '197006262005012004', '6271036606700003', 'Telhalia, M.Th., D.Th', 'Palangka Raya', '1970-06-26', 'p', 'kristen', 'kawin', NULL, '081250846726', 'telhalia70@gmail.com', 'Jl. G.Obos XIV No. 138b', NULL, NULL, NULL, NULL, NULL, 'dosen', 'pns', 'IV.b', '13', '92', '1563', 's3', 'rektor', 37, '', '2005-01-01', '2024-06-01', 'rektor', '2024-08-07', NULL, NULL, NULL, NULL, '683243752711000', '4958748649230152', '2026067002', '024301009674501', NULL, NULL, NULL, NULL, NULL, NULL, NULL),
	(2, 'aktif', '197702262006042001', '6271046602770002', 'Dr. Prasetiawati, M.Th', 'Tumbang Habaon', '1977-02-26', 'p', 'kristen', 'kawin', NULL, '085246903260', 'prasetiawati77@gmail.com', 'Jl. RTA. Milono KM.8,5, Komplek Kereng Indah Permai II No 13 Kel Sabaru, Kec Sebangau', NULL, NULL, NULL, NULL, NULL, 'dosen', 'pns', 'IV.a', '13', '92', '1563', 's3', 'wakil rektor bidang akademik, kemahasiswaan, kelembagaan dan kerja sama', 13, '19700626 200501 2 00', '2006-04-01', '2024-12-01', 'wakil rektor bidang akademik, kemahasiswaan, kelembagaan dan kerja sama', '2024-09-02', NULL, NULL, NULL, NULL, '683243802711000', '7558755656230092', '2026027701', '024301035019509', NULL, NULL, NULL, NULL, NULL, NULL, NULL),
	(3, 'aktif', '197306212006042001', '6271036106730004', 'Tirta Susila, D.Th', 'Palangka Raya', '1973-06-21', 'p', 'kristen', 'kawin', NULL, '085249331930', 'tirtasusila@yahoo.co.id', 'Jl. Yogyakarta Komp. Betang Griya Blok A No. 36', NULL, NULL, NULL, NULL, NULL, 'dosen', 'pns', 'III.d', '13', '92', '1563', 's3', 'wakil rektor bidang administrasi umum, perencanaan dan keuangan', 37, '19700626 200501 2 00', '2006-04-01', '2024-04-01', 'wakil rektor bidang administrasi umum, perencanaan dan keuangan', '2024-09-02', NULL, NULL, NULL, NULL, '142791599711000', '1953751652230102', '2021067302', '024301045809504', NULL, NULL, NULL, NULL, NULL, NULL, NULL),
	(4, 'aktif', '197008162005012004', '3175081611670003', 'Dr. Seska Vonny Langitan, M.Si., M.Th', 'Manado', '1970-08-16', 'p', 'kristen', '', '', '081340003678', 'seskalangitan01@gmail.com', '', NULL, NULL, NULL, NULL, NULL, 'administrasi', 'pns', 'IV.c', '14', '2', 'KARO-AUAK', 's3', 'kepala biro administrasi umum, akademik dan kemahasiswaan', 4, '19700626 200501 2 00', '2005-01-01', '2022-10-01', 'kepala biro administrasi umum, akademik dan kemahasiswaan', NULL, NULL, NULL, NULL, NULL, '574113403821000', '', '', '', NULL, NULL, NULL, NULL, NULL, NULL, NULL),
	(5, 'aktif', '196807052006041002', '6271040507680002', 'Suprianto, S.PAK.', 'Aruk,Kapuas', '1968-07-05', 'l', 'kristen', 'kawin', 'k/1/0', '08125153246', 'suprianto.staknpky@gmail.com', 'Jl. Panenga Raya VII', NULL, NULL, NULL, NULL, NULL, 'administrasi', 'pns', 'IV.a', '11', '99', 'KABAG-ULA', 's1', '', 2, '19700626 200501 2 02', '2006-04-01', '2021-04-01', '', NULL, NULL, NULL, NULL, NULL, '142790773711000', '', '', '024301045614501', NULL, NULL, NULL, NULL, NULL, NULL, NULL),
	(6, 'aktif', '197705052008011018', '7318050505770006', 'Dr. Maidiantius Tanyid, M.Th', 'Makassar', '1977-05-05', 'l', 'kristen', 'kawin', NULL, '082271488811', 'tanyid@gmail.com', 'Jl. Buntu Pantan Tana Toraja', NULL, NULL, NULL, NULL, NULL, 'dosen', 'pns', 'IV.b', '13', '92', '1563', 's3', 'direktur pascasarjana', 37, '19641102 200003 2 01', '2008-01-01', '2024-06-01', 'direktur pascasarjana', '2024-09-02', NULL, NULL, NULL, NULL, '', '837755656130232', '2205057701', '', NULL, NULL, NULL, NULL, NULL, NULL, NULL),
	(7, 'aktif', '197606152023211011', '6171031506760012', 'Dr. Urbanus, M.Th ', 'Kab. Sintang', '1976-06-15', 'l', 'kristen', 'kawin', NULL, '085252539090', 'urbanusdaud@gmail.com', 'JL. Kesehatan Komplek Sehat Sejahtera No. A3, Kel. Kota Baru, Kec. Pontianak Selatan', NULL, NULL, NULL, NULL, NULL, 'dosen', 'pppk', 'X', '9', '92', '1561', 's3', 'wakil direktur pascasarjana', 6, '', '2023-12-01', '2024-01-01', 'wakil direktur pascasarjana', '2025-08-01', NULL, NULL, NULL, NULL, '15.388.046.3-701.000', '947754655130212', '2315067601', '56901006420509', NULL, NULL, NULL, NULL, NULL, NULL, NULL),
	(8, 'aktif', '197402202006042001', '6271016002740002', 'Dr. Rina Teriasi, S.Th., M.Si.', 'Kasongan', '1974-02-20', 'p', 'kristen', 'kawin', NULL, '081349202152', 'rinateriasi@gmail.com', 'Jl.Manunggal IV No.73, Kel. Langkai, Kec. Pahandut', NULL, NULL, NULL, NULL, NULL, 'dosen', 'pns', 'III.d', '13', '92', '1563', 's3', 'dekan fakultas keguruan dan ilmu pendidikan kristen', 9, '19700626 200501 2 00', '2006-04-01', '2020-10-01', 'dekan fakultas keguruan dan ilmu pendidikan kristen', '2024-09-02', NULL, NULL, NULL, NULL, '688071323711000', '1552752653230112', '2220027401', '024301035229502', NULL, NULL, NULL, NULL, NULL, NULL, NULL),
	(9, 'aktif', '197208252006042003', '6271036508720004', 'Dr. Stynie Nova Tumbol, M.Th ', 'Ternate', '1972-08-25', 'p', 'kristen', 'kawin', NULL, '082157928655', 'stynienova@gmail.com', 'Jl. Kalibata Blok K No. 03', NULL, NULL, NULL, NULL, NULL, 'dosen', 'pns', 'III.d', '11', '92', '1562', 's3', 'dekan fakultas ilmu sosial keagamaan kristen', 13, '19700626 200501 2 00', '2006-04-01', '2017-10-01', 'dekan fakultas ilmu sosial keagamaan kristen', '2024-09-02', NULL, NULL, NULL, NULL, '683243794711000', '6157750651230103', '2025087201', '454201009600534', NULL, NULL, NULL, NULL, NULL, NULL, NULL),
	(10, 'aktif', '197009061995121001', '6271030609700004', 'Dr. Berth Penny Pahan, M.Pd.', 'Banjarmasin', '1970-09-06', 'l', 'kristen', 'kawin', NULL, '081255100846', 'berthpenny@yahoo.co.id', 'Jl. Bukit Raya No 87', NULL, NULL, NULL, NULL, NULL, 'dosen', 'pns', 'IV.b', '11', '92', '1562', 's3', 'dekan fakultas seni keagamaan kristen', 8, '19700626 200501 2 00', '1995-12-01', '2017-04-01', 'dekan fakultas seni keagamaan kristen', '2024-09-02', NULL, NULL, NULL, NULL, '688071315711000', '238748649130133', '2012079302', '454101008589537', NULL, NULL, NULL, NULL, NULL, NULL, NULL),
	(11, 'aktif', '197412222008012009', '6271036212740001', 'Dr. Karolina, S.Th, M.Si', 'Palangka Raya', '1974-12-22', 'p', 'kristen', 'kawin', NULL, '085845156203', 'karolinajapar74@gmail.com', 'Jl. RTA Milono Km. 8', NULL, NULL, NULL, NULL, NULL, 'dosen', 'pns', 'III.c', '11', '92', '1562', 's3', 'wakil dekan bidang akademik, kemahasiswaan, kelembagaan dan kerja sama fakultas keguruan dan ilmu pendidikan kristen', 9, '19720825 200604 2 00', '2008-01-01', '2017-10-01', 'wakil dekan bidang akademik, kemahasiswaan, kelembagaan dan kerja sama fakultas keguruan dan ilmu pendidikan kristen', '2025-08-01', NULL, NULL, NULL, NULL, '683243851711000', '554752653230113', '2222127401', '024301045625502', NULL, NULL, NULL, NULL, NULL, NULL, NULL),
	(12, 'aktif', '199006272019032015', '6271036706900008', 'Yoan Colina, M.AP', 'Palangka Raya', '1990-06-27', 'p', 'kristen', 'kawin', NULL, '082132323028', '199006272019032015@kemenag.go.id', 'Jl. Antang 1 No.73', NULL, NULL, NULL, NULL, NULL, 'dosen', 'pns', 'III.c', '11', '92', '1562', 's2', 'wakil dekan bidang administrasi umum, perencanaan dan keuangan fakultas keguruan dan ilmu pendidikan kristen', 34, '19770226 200604 2 00', '2019-03-01', '2023-10-01', 'wakil dekan bidang administrasi umum, perencanaan dan keuangan fakultas keguruan dan ilmu pendidikan kristen', '2024-09-02', NULL, NULL, NULL, NULL, '794732396711000', '4959768669230282', '2027069002', '216801006474506', NULL, NULL, NULL, NULL, NULL, NULL, NULL),
	(13, 'aktif', '198506252009011011', '6271032506850006', 'Pribadyo Prakosa, S.Si., M.Si.Teol', 'Palangka Raya', '1985-06-25', 'l', 'kristen', 'kawin', NULL, '081328731564', 'pribadyo25@gmail.com', 'Jl. Damang Leman No.2, Kel. Menteng, Kec. Jekan Raya', NULL, NULL, NULL, NULL, NULL, 'dosen', 'pns', 'III.d', '11', '92', '1562', 's2', 'wakil dekan bidang akademik, kemahasiswaan, kelembagaan dan kerja sama fakultas ilmu sosial keagamaan kristen', 7, '19720825 200604 2 00', '2009-01-01', '2020-04-01', 'wakil dekan bidang akademik, kemahasiswaan, kelembagaan dan kerja sama fakultas ilmu sosial keagamaan kristen', '2024-09-02', NULL, NULL, NULL, NULL, '155999568711000', '6957763664130282', '2025068502', '024301045624506', NULL, NULL, NULL, NULL, NULL, NULL, NULL),
	(14, 'aktif', '198506172019032009', '6208055706850001', 'Sri Angellyna, M.Th', 'Kab. Kotawaringin Barat', '1985-06-17', 'p', 'kristen', 'kawin', NULL, '085248213667', 'sriangellyna17@gmail.com', 'Jl. Cilik Riwut Gg Bethel No 02', NULL, NULL, NULL, NULL, NULL, 'dosen', 'pns', 'III.c', '11', '92', '1562', 's2', 'wakil dekan bidang administrasi umum, perencanaan dan keuangan fakuktas ilmu sosial keagamaan', 7, '19720825 200604 2 00', '2019-03-01', '2023-10-01', 'wakil dekan bidang administrasi umum, perencanaan dan keuangan fakuktas ilmu sosial keagamaan', '2024-09-02', NULL, NULL, NULL, NULL, '168132074711000', '9949763664237012', '2017068503', '790301006446538', NULL, NULL, NULL, NULL, NULL, NULL, NULL),
	(15, 'aktif', '197804132009122001', '6271035304780005', 'Merilyn, M.Th', 'Palangka Raya', '1978-04-13', 'p', 'kristen', 'kawin', NULL, '085348507171', 'merilynyohannis@yahoo.co.id', 'Jl. G.Obos XVII Komp. Timitra 29', NULL, NULL, NULL, NULL, NULL, 'dosen', 'pns', 'III.d', '11', '92', '1562', 's2', 'wakil dekan bidang akademik, kemahasiswaan dan administrasi umum fakultas seni keagaaman kristen', 7, '19720825 200604 2 00', '2009-12-01', '2020-10-01', 'wakil dekan bidang akademik, kemahasiswaan dan administrasi umum fakultas seni keagaaman kristen', '2024-09-02', NULL, NULL, NULL, NULL, '156482358711000', '2745756657230112', '2013047802', '343401002060505', NULL, NULL, NULL, NULL, NULL, NULL, NULL),
	(16, 'aktif', '199404152019032025', '7317115504940002', 'Wirastiani Binti Yusup, M.Pd', 'Sabah', '1994-04-15', 'p', 'kristen', 'kawin', NULL, '085349959307', 'wirastiani94@gmail.com', 'Jl. Strawbery Raya No 02', NULL, NULL, NULL, NULL, NULL, 'dosen', 'pns', 'III.c', '11', '92', '1562', 's2', 'ketua lembaga penjaminan mutu', 33, '19770226 200604 2 00', '2019-03-01', '2023-10-01', 'ketua lembaga penjaminan mutu', '2024-09-02', NULL, NULL, NULL, NULL, '904559994803000', '8747772673230322', '2015049401', '454401016725535', NULL, NULL, NULL, NULL, NULL, NULL, NULL),
	(17, 'aktif', '198308022015032003', '6271034208830003', 'Riwu Wulan, S.T, M.Pd', 'Kotawaringin Barat', '1983-08-02', 'p', 'kristen', 'kawin', NULL, '081330296185', 'riwuwulan@gmail.com', 'Jl. Taurus VII No.345, Kel. Menteng, Kec. Jekan Raya', NULL, NULL, NULL, NULL, NULL, 'dosen', 'pns', 'III.d', '11', '92', '1562', 's2', 'ketua lembaga penelitian dan pengabdian kepada masyarakat', 33, '19770226 200604 2 00', '2015-03-01', '2024-04-01', 'ketua lembaga penelitian dan pengabdian kepada masyarakat', '2024-09-02', NULL, NULL, NULL, NULL, '597870260711000', '1134761662300113', '2002088302', '759901004655538', NULL, NULL, NULL, NULL, NULL, NULL, NULL),
	(18, 'aktif', '199510132022032006', '8171025310950006', 'Sharon Michelle O Pattiasina, S.Si.Teol., M.Si', 'Ambon', '1995-10-13', 'p', 'kristen', 'kawin', NULL, '085244097776', 'michellepattiasina1013@gmail.com', 'Jl. Tampung Penyang, RTA Milono, KM 6.', NULL, NULL, NULL, NULL, NULL, 'dosen', 'pns', 'III.b', '9', '92', '1561', 's2', 'sekretaris lembaga penelitian dan pengabdian kepada masyarakat', 31, '19720825 200604 2 00', '2022-03-01', '2022-03-01', 'sekretaris lembaga penelitian dan pengabdian kepada masyarakat', '2024-10-01', NULL, NULL, NULL, NULL, '638305706711000', '5345773674230223', '2013109501', '024301120949504', NULL, NULL, NULL, NULL, NULL, NULL, NULL),
	(19, 'aktif', '197507222011011001', '3321022207750002', 'Julidi Lahagu, S.Th', 'Nias', '1975-07-22', 'l', 'kristen', 'kawin', 'k/1/0', '081326606089', 'julidilahagu1975@gmail.com', 'Jl. Tampung Penyang RTA.Milono Km.6 Perum Kayzar B5     ', NULL, NULL, NULL, NULL, NULL, 'administrasi', 'pns', 'III.d', '9', '99', '1540', 's1', 'kepala upt perpustakaan', 19, '19641102 200003 2 00', '2011-01-01', '2023-04-01', 'kepala upt perpustakaan', '2024-09-02', NULL, NULL, NULL, NULL, '578794513515000', '', '', '001601000317531', NULL, NULL, NULL, NULL, NULL, NULL, NULL),
	(20, 'aktif', '198106252009011009', '6271032506810004', 'Joni Saputra, S.T., M.Kom', 'Palangka Raya', '1981-06-25', 'l', 'kristen', 'kawin', NULL, '081347583989', 'elchid2000@gmail.com', 'Jl. Temanggung Tilung I No. 21        ', NULL, NULL, NULL, NULL, NULL, 'dosen', 'pns', 'III.d', '11', '92', '1562', 's2', 'kepala upt teknologi informasi dan pangkalan data', 33, '19700626 200501 2 00', '2009-01-01', '2019-04-01', 'kepala upt teknologi informasi dan pangkalan data', '2024-09-02', NULL, NULL, NULL, NULL, '899967491711000', '4957759660200002', '2025068101', '024301045634501', NULL, NULL, NULL, NULL, NULL, NULL, NULL),
	(21, 'aktif', '198709172019032005', '6271035709870001', 'Lelly Sepniwati, M.Hum', 'Kab. Kotawaringin Timur', '1987-09-17', 'p', 'kristen', 'belum_kawin', NULL, '081357800859', 'lellyspnwt@gmail.com', 'Jl. Jati Raya 2 No. 21, Palangka Raya', NULL, NULL, NULL, NULL, NULL, 'dosen', 'pns', 'III.c', '11', '92', '1562', 's2', 'kepala upt bahasa', 32, '19720825 200604 2 00', '2019-03-01', '2023-10-01', 'kepala upt bahasa', '2024-09-02', NULL, NULL, NULL, NULL, '902308147711000', '3249765666230263', '1117098702', '793701008175536', NULL, NULL, NULL, NULL, NULL, NULL, NULL),
	(22, 'aktif', '196610162000032002', '3471035610660001', 'Dra. Sri Gunarti Sabdaningrum, M.Pd.K', 'Sambon', '1966-10-16', 'p', 'kristen', 'kawin', NULL, '08123387132', '', 'Jl. Tampung Penyang', NULL, NULL, NULL, NULL, NULL, 'dosen', 'pns', 'IV.a', '9', '92', '1561', 's2', 'kepala satuan pengawas internal (spi)', 0, '19700626 200501 2 00', '2000-03-01', '2014-04-01', 'kepala satuan pengawas internal (spi)', '2024-10-01', NULL, NULL, NULL, NULL, '', '348744646300023', '-', '024701019742502', NULL, NULL, NULL, NULL, NULL, NULL, NULL),
	(23, 'aktif', '198711232020121008', '7171092311870005', 'Fernando Dorothius Pongoh, S.Si., M.Si', 'Manado', '1987-11-23', 'l', 'kristen', 'kawin', NULL, '089698597423', 'fernando.pongoh@gmail.com', 'Jl. Kalibata IIa Palangka Raya', NULL, NULL, NULL, NULL, NULL, 'dosen', 'pns', 'III.b', '9', '92', '1561', 's2', 'plt. ketua jurusan keguruan ilmu pendidikan kristen fakultas keguruan dan ilmu pendidikan kristen', 32, '19720825 200604 2 00', '2020-12-01', '2020-12-01', 'plt. ketua jurusan keguruan ilmu pendidikan kristen fakultas keguruan dan ilmu pendidikan kristen', '2025-08-01', NULL, NULL, NULL, NULL, '804012490821000', '3455765666130253', '2023118701', '024301112532509', NULL, NULL, NULL, NULL, NULL, NULL, NULL),
	(24, 'aktif', '199303292019032023', '6201026903930001', 'Ratih Sulistyowati, M.Pd', 'Kab. Kotawaringin Barat', '1993-03-29', 'p', 'kristen', 'kawin', NULL, '082220218500', 'ratihsw@iaknpky.ac.id', 'Jl. RA Kartini No. 34 Palangka Raya', NULL, NULL, NULL, NULL, NULL, 'dosen', 'pns', 'III.c', '11', '92', '1562', 's2', 'ketua jurusan pendidikan seni/ konseling fakultas keguruan dan ilmu pendidikan kristen', 35, '19770226 200604 2 00', '2019-03-01', '2023-10-01', 'ketua jurusan pendidikan seni/ konseling fakultas keguruan dan ilmu pendidikan kristen', '2024-09-02', NULL, NULL, NULL, NULL, '904491412713000', '3661771672230322', '2029039301', '760001013869535', NULL, NULL, NULL, NULL, NULL, NULL, NULL),
	(25, 'aktif', '198201262009011013', '6271032601820001', 'Lianto, M.Th', 'Jaar', '1982-01-26', 'l', 'kristen', 'kawin', NULL, '082157960077', 'lilovejc.anto8@gmail.com', 'Jl. Sangga Buana II No.18, Kel. Palangka, Kec. Jekan Raya', NULL, NULL, NULL, NULL, NULL, 'dosen', 'pns', 'III.d', '11', '92', '1562', 's2', 'ketua jurusan ilmu keagamaan kristen fakultas ilmu sosial keagamaan kristen', 7, '19720825 200604 2 00', '2009-01-01', '2020-10-01', 'ketua jurusan ilmu keagamaan kristen fakultas ilmu sosial keagamaan kristen', '2024-09-02', NULL, NULL, NULL, NULL, '899967509711000', '4458760661130172', '2226018201', '024301045616503', NULL, NULL, NULL, NULL, NULL, NULL, NULL),
	(26, 'aktif', '199207272019032030', '6271016707920007', 'Yolantya Widyasari, M.I.Kom', 'Palangka Raya', '1992-07-27', 'p', 'kristen', 'kawin', NULL, '082155578282', 'yolantyawidyasari@iaknpky.ac.id', 'Jl. Putri Karindang Perum No. 12', NULL, NULL, NULL, NULL, NULL, 'dosen', 'pns', 'III.c', '11', '92', '1562', 's2', 'ketua jurusan ilmu sosial keagamaan fakultas ilmu sosial keagamaan kristen', 9, '19720825 200604 2 00', '2019-03-01', '2023-10-01', 'ketua jurusan ilmu sosial keagamaan fakultas ilmu sosial keagamaan kristen', '2024-09-02', NULL, NULL, NULL, NULL, '742919160711000', '5059770671230473', '2027079203', '793701008683539', NULL, NULL, NULL, NULL, NULL, NULL, NULL),
	(27, 'aktif', '198502192018011001', '6171051902850004', 'Pransinartha, M.A', 'Palangka Raya', '1985-02-19', 'l', 'kristen', 'kawin', NULL, '0816226492', 'pransinartha@gmail.com', 'Jl. Pipit III No 66 Palangka Raya', NULL, NULL, NULL, NULL, NULL, 'dosen', 'pns', 'III.d', '11', '92', '1562', 's2', 'ketua jurusan musik gereja dan peribadatan kristen fakultas seni keagamaan kristen', 8, '19700906 199512 1 00', '2018-01-01', '2024-06-01', 'ketua jurusan musik gereja dan peribadatan kristen fakultas seni keagamaan kristen', '2024-09-02', NULL, NULL, NULL, NULL, '681521936421000', '3551763664130182', '2019028501', '454401014460537', NULL, NULL, NULL, NULL, NULL, NULL, NULL),
	(28, 'aktif', '199010022023212032', '6271044210900001', 'Dwi Sartica, S.Pd., M.Pd', 'Palangka Raya', '1990-10-02', 'p', 'kristen', 'kawin', NULL, '081318151002', 'dwisartica02@gmail.com', 'Jl. Tingang VII A-2 Ujung', NULL, NULL, NULL, NULL, NULL, 'dosen', 'pppk', 'X', '9', '92', '1561', 's2', 'sekretaris jurusan keguruan ilmu pendidikan kristen fakultas keguruan dan ilmu pendidikan kristen', 36, '19770226 200604 2 00', '2023-08-01', '2023-08-01', 'sekretaris jurusan keguruan ilmu pendidikan kristen fakultas keguruan dan ilmu pendidikan kristen', '2024-10-01', NULL, NULL, NULL, NULL, '860428630711000', '9334768669230253', '2002109002', '', NULL, NULL, NULL, NULL, NULL, NULL, NULL),
	(29, 'aktif', '198612162020121008', '6107081612860001', 'Lukas, M.Pd.K', 'Bengkayang', '1986-12-16', 'l', 'kristen', 'kawin', NULL, '081328021129', 'lukasjubata@gmail.com', 'Jl. Pemandu Raya Perum Kingland VB No. 13, RT/RW 001/003 Kel. Sabaru Kec. Sabangau Kota Palangka Raya', NULL, NULL, NULL, NULL, NULL, 'dosen', 'pns', 'III.b', '9', '92', '1561', 's2', 'koordinator prodi pendidikan agama kristen jurusan keguruan ilmu pendidikan kristen fakultas keguruan dan ilmu pendidikan kristen', 6, '19720825 200604 2 00', '2020-12-01', '2020-12-01', 'koordinator prodi pendidikan agama kristen jurusan keguruan ilmu pendidikan kristen fakultas keguruan dan ilmu pendidikan kristen', '2024-10-01', NULL, NULL, NULL, NULL, '412574584711000', '3548764665130243', '2016128604', '024301112535507', NULL, NULL, NULL, NULL, NULL, NULL, NULL),
	(30, 'aktif', '199512172020122022', '7102095712950001', 'Della Gita Van Gobel, M.Pd', 'Minahasa', '1995-12-17', 'p', 'kristen', 'kawin', NULL, '085217588040', 'dellavango@gmail.com', 'Jl. Jaga II, RT/RW 000/000 Kel. Karumenga Kec. Langowan Utara Kab. Minahasa Sulawesi Utara', NULL, NULL, NULL, NULL, NULL, 'dosen', 'pns', 'III.b', '9', '92', '1561', 's2', 'koordinator prodi pendidikan kristen anak usia dini (pkaud) jurusan keguruan ilmu pendidikan kristen fakultas keguruan dan ilmu pendidikan kristen', 6, '19720825 200604 2 00', '2020-12-01', '2020-12-01', 'koordinator prodi pendidikan kristen anak usia dini (pkaud) jurusan keguruan ilmu pendidikan kristen fakultas keguruan dan ilmu pendidikan kristen', '2024-10-01', NULL, NULL, NULL, NULL, '412459109711000', '4549773674230223', '2017129501', '024301112528500', NULL, NULL, NULL, NULL, NULL, NULL, NULL),
	(31, 'aktif', '197702162023211004', '1211151602770001', 'Dr. Kalip, M.Pd.K', 'Kab. Sintang', '1977-02-16', 'l', 'kristen', 'kawin', NULL, '081265816664', 'kalipsiburian71@gmail.com', 'JL. Rimo Bunga No. 19 Panji Bako, RT/RW. Desa Sitinjo II, Kec. Sitinjo, Kabupaten Dairi - Sidikalang', NULL, NULL, NULL, NULL, NULL, 'dosen', 'pppk', 'X', '9', '92', '1561', 's3', 'koordinator prodi manajemen pendidikan kristen jurusan keguruan ilmu pendidikan kristen fakultas keguruan dan ilmu pendidikan kristen', 6, '', '2023-12-01', '2024-01-01', 'koordinator prodi manajemen pendidikan kristen jurusan keguruan ilmu pendidikan kristen fakultas keguruan dan ilmu pendidikan kristen', '2025-08-01', NULL, NULL, NULL, NULL, '', '1548755659200002', '2316027701', '', NULL, NULL, NULL, NULL, NULL, NULL, NULL),
	(32, 'aktif', '198701082019032007', '6271034801870004', 'Isabella Jeniva, M.Si', 'Palangka Raya', '1987-01-08', 'p', 'kristen', 'kawin', NULL, '081253988112', 'isabellajeniva@gmail.com', 'Jl. Sapan XI No. 450', NULL, NULL, NULL, NULL, NULL, 'dosen', 'pns', 'III.c', '11', '92', '1562', 's2', 'sekretaris jurusan pendidikan seni/ konseling kristen fakultas keguruan dan ilmu pendidikan kristen', 31, '19770226 200604 2 00', '2019-03-01', '2023-10-01', 'sekretaris jurusan pendidikan seni/ konseling kristen fakultas keguruan dan ilmu pendidikan kristen', '2024-10-01', NULL, NULL, NULL, NULL, '904488079711000', '8440765666230252', '2008018702', '793701008468531', NULL, NULL, NULL, NULL, NULL, NULL, NULL),
	(33, 'aktif', '199508022023212040', '6301094208950001', 'Ellysa Juang Agusti, M.Pd', 'Kab. Tanah Laut', '1995-08-02', 'p', 'kristen', 'kawin', NULL, '081344539625', 'ellysajuang2602@gmail.com', 'JL. Desa Durian Bungkuk, RT.005/ RW.005, Kec. Batu Ampar, Kab. Tanah Laut Kalsel', NULL, NULL, NULL, NULL, NULL, 'dosen', 'pppk', 'X', '9', '92', '1561', 's2', 'koordinator prodi pendidikan musik gereja jurusan pendidikan seni/ konseling fakultas keguruan dan ilmu pendidikan kristen', 35, '', '2023-12-01', '2024-01-01', 'koordinator prodi pendidikan musik gereja jurusan pendidikan seni/ konseling fakultas keguruan dan ilmu pendidikan kristen', '2024-10-01', NULL, NULL, NULL, NULL, '', '1134773674230253', '2002089501', '', NULL, NULL, NULL, NULL, NULL, NULL, NULL),
	(34, 'aktif', '198610302023212039', '6271037010860004', 'Lisa Maneli, M.Psi', 'Palangka Raya', '1986-10-30', 'p', 'kristen', 'kawin', NULL, '081348155515', 'manelisa86@gmail.com', 'JL. Antang II No. 054, RT/RW. 003/018, Kel. Palangka, Kec. Jekan Raya', NULL, NULL, NULL, NULL, NULL, 'dosen', 'pppk', 'X', '9', '92', '1561', 's2', 'koordinator prodi bimbingan dan konseling kristen jurusan pendidikan seni/ konseling fakultas keguruan dan ilmu pendidikan kristen', 9, '', '2023-12-01', '2024-01-01', 'koordinator prodi bimbingan dan konseling kristen jurusan pendidikan seni/ konseling fakultas keguruan dan ilmu pendidikan kristen', '2024-10-01', NULL, NULL, NULL, NULL, '808028369711000', '5362764665231103', '9922010515', '', NULL, NULL, NULL, NULL, NULL, NULL, NULL),
	(35, 'aktif', '198604252020121007', '6271034103880005', 'Aprianto Wirawan, M.Th', 'Palangka Raya', '1986-04-25', 'l', 'kristen', 'kawin', NULL, '085249508656', 'wirawanaprianto@gmail.com', 'Jl. G.Obos VIII No. 127, RT. 002/ RW.012. Kel. Menteng Kec. Jekan Raya Kota Palangka Raya', NULL, NULL, NULL, NULL, NULL, 'dosen', 'pns', 'III.b', '9', '92', '1561', 's2', 'sekretaris jurusan ilmu keagamaan kristen fakultas ilmu sosial keagamaan kristen', 7, '19720825 200604 2 00', '2020-12-01', '2020-12-01', 'sekretaris jurusan ilmu keagamaan kristen fakultas ilmu sosial keagamaan kristen', '2024-10-01', NULL, NULL, NULL, NULL, '571074947713000', '2757764665137002', '2025048602', '024301112536503', NULL, NULL, NULL, NULL, NULL, NULL, NULL),
	(36, 'aktif', '197401112023212004', '6271035101740003', 'Ebariani, M.Th', 'Kab. Barito Timur', '1974-01-11', 'p', 'kristen', 'kawin', NULL, '081349167865', 'mawinei74@gmail.com', 'JL. Pinguin VII No. 565, RT.001/012, Kelurahan Bukit Tunggal, Kecamatan Jekan Raya', NULL, NULL, NULL, NULL, NULL, 'dosen', 'pppk', 'X', '9', '92', '1561', 's2', 'koordinator prodi teologi jurusan ilmu keagamaan kristen fakultas ilmu sosial keagamaan kristen', 7, '', '2023-12-01', '2024-01-01', 'koordinator prodi teologi jurusan ilmu keagamaan kristen fakultas ilmu sosial keagamaan kristen', '2024-10-01', NULL, NULL, NULL, NULL, '202617965711000', '3443752653300042', '9922010525', '', NULL, NULL, NULL, NULL, NULL, NULL, NULL),
	(37, 'aktif', '199303152020122023', '6271034103880005', 'Maria Veronica, M.Ag', 'Kapuas', '1993-03-15', 'p', 'kristen', 'kawin', NULL, '085249109846', 'mariaveronicamv93@gmail.com', 'Jl. Kapuas Seberang II, RT/RW 003/000 Kel. Sei Pasah Kec. Kapuas Hilir Kapuas', NULL, NULL, NULL, NULL, NULL, 'dosen', 'pns', 'III.b', '9', '92', '1561', 's2', 'koordinator prodi pastoral konseling jurusan ilmu keagamaan kristen fakultas ilmu sosial keagamaan kristen', 9, '19720825 200604 2 00', '2020-12-01', '2020-12-01', 'koordinator prodi pastoral konseling jurusan ilmu keagamaan kristen fakultas ilmu sosial keagamaan kristen', '2024-10-01', NULL, NULL, NULL, NULL, '412429250711000', '3647771672230332', '2015059301', '024301112533505', NULL, NULL, NULL, NULL, NULL, NULL, NULL),
	(38, 'aktif', '196805232023211003', '6203012305680001', 'Yosef Darmasatria Bakti, M.Min', 'Kab. Bengkayang', '1968-05-23', 'l', 'kristen', 'kawin', NULL, '081349477725', 'yosefdsb1968@gmail.com', 'JL. Menteng VI No. 1 B, RT/RW. 001/011, Kel. Menteng, Kec. Jekan Raya', NULL, NULL, NULL, NULL, NULL, 'dosen', 'pppk', 'X', '9', '92', '1561', 's2', 'koordinator prodi kepemimpinan kristen jurusan ilmu keagamaan kristen fakultas ilmu sosial keagamaan kristen', 7, '', '2023-12-01', '2024-01-01', 'koordinator prodi kepemimpinan kristen jurusan ilmu keagamaan kristen fakultas ilmu sosial keagamaan kristen', '2024-10-01', NULL, NULL, NULL, NULL, '61.565.486.0-711.000', '9855746647130072', '9922010523', '7599-01006779-53-2', NULL, NULL, NULL, NULL, NULL, NULL, NULL),
	(39, 'aktif', '199104022019032010', '6271034204910001', 'Danella Merdiasi, M.Psi', 'Palangka Raya', '1991-04-02', 'p', 'kristen', 'kawin', NULL, '085249236080', 'danellamerdiasi@gmail.com', 'Jl. Rajawali VI No 7', NULL, NULL, NULL, NULL, NULL, 'dosen', 'pns', 'III.c', '11', '92', '1562', 's2', 'sekretaris jurusan ilmu sosial keagamaan fakultas ilmu sosial keagamaan kristen', 32, '19720825 200604 2 00', '2019-03-01', '2023-10-01', 'sekretaris jurusan ilmu sosial keagamaan fakultas ilmu sosial keagamaan kristen', '2024-10-01', NULL, NULL, NULL, NULL, '902403633711000', '6734769670230332', '2002049101', '454101021909538', NULL, NULL, NULL, NULL, NULL, NULL, NULL),
	(40, 'aktif', '198312142019031003', '6210021412830001', 'Deri Susanto, M.Si', 'Kuala Kurun', '1983-12-14', 'l', 'kristen', 'kawin', NULL, '082157365052', 'derisusanto83@gmail.com', 'Jl. Brigjen Katamso No 76 Kuala Kurun', NULL, NULL, NULL, NULL, NULL, 'dosen', 'pns', 'III.c', '11', '92', '1562', 's2', 'koordinator prodi sosiologi agama jurusan ilmu sosial keagamaan fakultas ilmu sosial keagamaan kristen', 31, '19720825 200604 2 00', '2019-03-01', '2023-10-01', 'koordinator prodi sosiologi agama jurusan ilmu sosial keagamaan fakultas ilmu sosial keagamaan kristen', '2024-10-01', NULL, NULL, NULL, NULL, '817321383711000', '9546761662130183', '1114128303', '105301011041502', NULL, NULL, NULL, NULL, NULL, NULL, NULL),
	(41, 'aktif', '198304152023211026', '6271031504830004', 'Kukuh Pribadi, M.Psi', 'Palangka Raya', '1983-04-15', 'l', 'kristen', 'kawin', NULL, '08122846492', 'ku2hpri@gmail.com', 'JL. Beliang No. 40AB, RT/RW. 001/022, Kelurahan Palangka, Kecamatan Jekan Raya', NULL, NULL, NULL, NULL, NULL, 'dosen', 'pppk', 'X', '9', '92', '1561', 's2', 'koordinator prodi psikologi kristen jurusan ilmu sosial keagamaan fakultas ilmu sosial keagamaan kristen', 32, '', '2023-12-01', '2024-01-01', 'koordinator prodi psikologi kristen jurusan ilmu sosial keagamaan fakultas ilmu sosial keagamaan kristen', '2024-10-01', NULL, NULL, NULL, NULL, '92.957.457.2-711.000', '4747761662130262', '2015048304', '', NULL, NULL, NULL, NULL, NULL, NULL, NULL),
	(42, 'aktif', '199212032023212045', '6271034312920004', 'Elvira, M.Sn', 'Palangka Raya', '1992-12-03', 'p', 'kristen', 'kawin', NULL, '085248759918', 'mandau.talawang03@gmail.com', 'Jl. Damang Bahandang Balau No. 03', NULL, NULL, NULL, NULL, NULL, 'dosen', 'pppk', 'X', '9', '92', '1561', 's2', 'sekretaris jurusan musik gereja dan peribadatan kristen fakultas seni keagamaan kristen', 30, '19700906 199512 1 00', '2023-08-01', '2023-08-01', 'sekretaris jurusan musik gereja dan peribadatan kristen fakultas seni keagamaan kristen', '2024-10-01', NULL, NULL, NULL, NULL, '949592307711000', '6535770671230253', '3129201', '', NULL, NULL, NULL, NULL, NULL, NULL, NULL),
	(43, 'aktif', '199210242020122009', '1277026410920005', 'Octa Maria Sihombing, M.Pd', 'Padangsidimpuan', '1992-10-24', 'p', 'kristen', 'belum_kawin', NULL, '085296729655', 'octa.maria24@gmail.com', 'Jl. Teuku Umar Gg. Martabe Kel. Losung Kec. Padangsidimpuan Selatan Kota Padangsidimpuan Sumatera Utara', NULL, NULL, NULL, NULL, NULL, 'dosen', 'pns', 'III.b', '9', '92', '1561', 's2', 'koordinator program studi musik gereja jurusan musik gereja dan peribadatan kristen fskk', 35, '19700906 199512 1 00', '2020-12-01', '2020-12-01', 'koordinator program studi musik gereja jurusan musik gereja dan peribadatan kristen fskk', '2024-10-01', NULL, NULL, NULL, NULL, '412477564711000', '5356770671230283', '2024109201', '024301112529506', NULL, NULL, NULL, NULL, NULL, NULL, NULL),
	(44, 'aktif', '198904062022032002', '1207234604890003', 'Frisca Aries BR. Lumban Tobing, S.Pd., M.Sn', 'Medan', '1989-04-06', 'p', 'kristen', 'kawin', NULL, '081351464159', '198904062022032002@kemenag.go.id', 'Jl. Tampung Penyang', NULL, NULL, NULL, NULL, NULL, 'dosen', 'pns', 'III.b', '9', '92', '1561', 's2', 'koordinator program studi seni pertunjukan keagamaan jurusan musik gereja dan peribadatan kristen fskk', 8, '19700906 199512 1 00', '2022-03-01', '2022-03-01', 'koordinator program studi seni pertunjukan keagamaan jurusan musik gereja dan peribadatan kristen fskk', '2024-10-01', NULL, NULL, NULL, NULL, '', '6738767668230322', '2006048903', '', NULL, NULL, NULL, NULL, NULL, NULL, NULL),
	(45, 'aktif', '198901142022032001', '6271015401890001', 'Anggita Deodora Siten, S.Psi., M.Psi', 'Palangka Raya', '1989-01-14', 'p', 'kristen', 'kawin', NULL, '081349062410', 'anggita.deodora89@gmail.com', 'Jl. Temanggung Tandang No. 55', NULL, NULL, NULL, NULL, NULL, 'dosen', 'pns', 'III.b', '9', '92', '1561', 's2', 'kepala pusat penelitian pada lembaga penelitian dan pengabdian kepada masyarakat', 32, '19720825 200604 2 00', '2022-03-01', '2022-03-01', 'kepala pusat penelitian pada lembaga penelitian dan pengabdian kepada masyarakat', '2024-10-01', NULL, NULL, NULL, NULL, '638004663711000', '1446767668230242', '2014018901', '024301120948508', NULL, NULL, NULL, NULL, NULL, NULL, NULL),
	(46, 'aktif', '198503152015031003', '3573021503850008', 'Matius Timan Herdi Ginting, M.Pd.K', 'Malang', '1985-03-15', 'l', 'kristen', 'kawin', NULL, '085233336652', 'bangmatz@yahoo.co.id', 'Jl. Surung VI No. D1', NULL, NULL, NULL, NULL, NULL, 'dosen', 'pns', 'III.d', '11', '92', '1562', 's2', 'kepala pusat pengabdian kepada masyarakat pada lembaga penelitian dan pengabdian kepada masyarakat', 6, '19770226 200604 2 00', '2015-03-01', '2024-08-01', 'kepala pusat pengabdian kepada masyarakat pada lembaga penelitian dan pengabdian kepada masyarakat', '2024-10-01', NULL, NULL, NULL, NULL, '', '5647763664131232', '2015038502', '005101004631531', NULL, NULL, NULL, NULL, NULL, NULL, NULL),
	(47, 'aktif', '198605252023212046', '5312106505860001', 'Merry Bendelina Asalaka, S.Si-Teol., M.Pd', 'Kab. Sumba Barat', '1986-05-25', 'p', 'kristen', 'kawin', NULL, '082136873478', 'merryasalaka@gmail.com', 'Jl. Tampung Penyang', NULL, NULL, NULL, NULL, NULL, 'dosen', 'pppk', 'X', '9', '92', '1561', 's2', 'kepala pusat audit mutu internal dan pengendalian mutu pada lembaga penjaminan mutu', 33, '19770226 200604 2 00', '2023-08-01', '2023-08-01', 'kepala pusat audit mutu internal dan pengendalian mutu pada lembaga penjaminan mutu', '2025-08-01', NULL, NULL, NULL, NULL, '804712180926000', '857764665237302', '2025058604', '', NULL, NULL, NULL, NULL, NULL, NULL, NULL),
	(48, 'aktif', '199002162023212047', '6271035602900001', 'Komala Sari, M.Th', 'Palangka Raya', '1990-02-16', 'p', 'kristen', 'kawin', NULL, '081254066780', 'komalakomala1990@gmail.com', 'JL. Batu Suli VB No. 42B, RT.003/ RW.015, Kelurahan Palangka, Kecamatan Jekan Raya', NULL, NULL, NULL, NULL, NULL, 'dosen', 'pppk', 'X', '9', '92', '1561', 's2', 'kepala pusat pengembangan dokumen sistem penjaminan mutu internal pada lembaga penjamin mutu', 7, '', '2023-12-01', '2024-01-01', 'kepala pusat pengembangan dokumen sistem penjaminan mutu internal pada lembaga penjamin mutu', '2025-08-01', NULL, NULL, NULL, NULL, '764158804711000', '4548768669230292', '2016029001', '', NULL, NULL, NULL, NULL, NULL, NULL, NULL),
	(49, 'aktif', '198004092011011005', '3277010904800036', 'Dr. Yamowa\'a Bate\'e, M.Th', 'Ombolata/Nias', '1980-04-09', 'l', 'kristen', 'kawin', NULL, '081573022155', 'yamowaa@yahoo.co.id', 'Jl. Tangkalasa No 14 Mahir Mahar Km 8 ', NULL, NULL, NULL, NULL, NULL, 'dosen', 'pns', 'IV.a', '13', '92', '1563', 's3', '', 12, '19690630 200801 1 00', '2011-01-01', '2024-06-01', '', '2023-09-01', NULL, NULL, NULL, NULL, '250080314711000', '6741758659130152', '2209048001', '051701011173500', NULL, NULL, NULL, NULL, NULL, NULL, NULL),
	(50, 'aktif', '197602222006042002', '6271026907930002', 'Dr. Setinawati,M.Th', 'Kuala Kurun', '1976-02-22', 'p', 'kristen', 'kawin', NULL, '081250607111', 'stnsetinawati@gmail.com', 'Jl. Putri Junjung Buih VI No. 4', NULL, NULL, NULL, NULL, NULL, 'dosen', 'pns', 'IV.a', '13', '92', '1563', 's3', '', 12, '19720825 200604 2 00', '2006-04-01', '2023-10-01', '', NULL, NULL, NULL, NULL, NULL, '688071331711000', '554754655230112', '2222027601', '024301045319509', NULL, NULL, NULL, NULL, NULL, NULL, NULL),
	(51, 'aktif', '196411022000032003', '6271034211640003', 'Dr. Sanasintani, S.Th., M.Pd', 'Tampa', '1964-11-02', 'p', 'kristen', 'kawin', NULL, '081349156887', 'christianbelly@yahoo.co.id', 'Jl. Menteng 22, No.30', NULL, NULL, NULL, NULL, NULL, 'dosen', 'pns', 'III.d', '13', '92', '1563', 's3', '', 37, '19700626 200501 2 00', '2000-03-01', '2024-06-01', '', '2021-03-01', NULL, NULL, NULL, NULL, '683243828711000', '9434742643230063', '2202116401', '454201009892539', NULL, NULL, NULL, NULL, NULL, NULL, NULL),
	(52, 'aktif', '197701052006042003', '6271014501770006', 'Dr. Evi Mariani,S.Fil, MA', 'Palangka Raya', '1977-01-05', 'p', 'kristen', 'kawin', NULL, '085390498685', 'evi_mariani777@yahoo.com', 'Jl. Bajau Ranju No 14', NULL, NULL, NULL, NULL, NULL, 'dosen', 'pns', 'III.d', '11', '92', '1562', 's3', '', 13, '19770226 200604 2 00', '2006-04-01', '2024-08-01', '', '2021-03-01', NULL, NULL, NULL, NULL, '683243786711000', '1437755656230142', '5017706', '454201010178538', NULL, NULL, NULL, NULL, NULL, NULL, NULL),
	(53, 'aktif', '197603162011012002', '6271035603760002', 'Dr. Sarmauli, M.Th', 'Bengkulu', '1976-03-16', 'p', 'kristen', 'kawin', NULL, '082156782292', 'uli_rahul2002@yahoo.com', 'Jl. Tampung Penyang Perum Lewu Lampang Batarung No. A/10', NULL, NULL, NULL, NULL, NULL, 'dosen', 'pns', 'III.d', '13', '92', '1563', 's3', '', 12, '19770226 200604 2 00', '2011-01-01', '2018-10-01', '', '2022-07-01', NULL, NULL, NULL, NULL, '584851950711000', '8648754655230092', '2216037601', '343401002251504', NULL, NULL, NULL, NULL, NULL, NULL, NULL),
	(54, 'aktif', '196906302008011007', '6171023006690002', 'Dr. Wilson, M.Th', 'Pelaik-Sintang', '1969-06-30', 'l', 'kristen', 'kawin', NULL, '082111201995/08', 'bukitrhemaong@gmail.com', 'Jl. RTA.Milono,km.9,5 (jl.Taheta, Blok D/I), Kel. Kereng Bangkirai, Kec. Sebangau', NULL, NULL, NULL, NULL, NULL, 'dosen', 'pns', 'III.c', '11', '92', '1562', 's3', '', 37, '19700626 200501 2 00', '2008-01-01', '2015-10-01', '', '2021-03-01', NULL, NULL, NULL, NULL, '683243737711000', '3962747648130102', '2230066901', '024301045621508', NULL, NULL, NULL, NULL, NULL, NULL, NULL),
	(55, 'aktif', '197703262008011007', '6271032603770006', 'Dr. Agus Surya, M.Th.', 'Pontianak', '1977-03-26', 'l', 'kristen', 'kawin', NULL, '082116451454', 'agus080311@gmail.com', 'Jl. Temanggung Tilung VII, Kel. Menteng, Kec. Jekan Raya', NULL, NULL, NULL, NULL, NULL, 'dosen', 'pns', 'III.d', '13', '92', '1563', 's3', '', 13, '19770226 200604 2 00', '2008-01-01', '2024-12-01', '', '2021-03-01', NULL, NULL, NULL, NULL, '683243844711000', '5658755656130102', '2226037701', '024301045633505', NULL, NULL, NULL, NULL, NULL, NULL, NULL),
	(56, 'aktif', '196408101992031011', '6271031008640005', 'Drs. Rudie, M.Pd', 'Kapuas Hulu', '1964-08-10', 'l', 'kristen', 'kawin', NULL, '082155042748', 'rudielautt@gmail.com', 'Jl. Sapan XI No. 70 RT/RW: 008/009, Kel. Bukit Tunggal, Kec. Jekan Raya', NULL, NULL, NULL, NULL, NULL, 'dosen', 'pns', 'IV.b', '11', '92', '1562', 's2', '', 34, '19641102 200003 2 02', '1992-03-01', '2012-04-01', '', '2021-04-07', NULL, NULL, NULL, NULL, '697482206711000', '5142742644200023', '2010086403', '024301081815505', NULL, NULL, NULL, NULL, NULL, NULL, NULL),
	(57, 'aktif', '196109231993031001', '6271042309610001', 'Dr. Sugiyanto, S.PAK., M.Th', 'Tumbang Talaken', '1961-09-23', 'l', 'kristen', 'kawin', NULL, '081254608383/08', 'sugiyanto.stakn@gmail.com', 'Jl.Perak II No. 23 Kereng bangkirai, Kec. Jekan Raya', NULL, NULL, NULL, NULL, NULL, 'dosen', 'pns', 'IV.a', '11', '92', '1562', 's3', '', 8, '19700906 199512 1 00', '1993-03-01', '2006-04-01', '', '2021-03-01', NULL, NULL, NULL, NULL, '688071307711000', '1255739640130063', '2023096101', '024301045612509', NULL, NULL, NULL, NULL, NULL, NULL, NULL),
	(58, 'aktif', '196201011982011001', '3318170101620007', 'Dr. Stephanus Prihadi, M.Th', 'Pati', '1962-01-01', 'l', 'kristen', 'kawin', NULL, '085325262933', 'stephanustayu@yahoo.co.id', 'Perum Tayu Kulon Sejahtera Blok B No. 6 Tayu, Kel. Giling, Kec. Gunungwungkal, Pati/ Doho ujung Kalampangan', NULL, NULL, NULL, NULL, NULL, 'dosen', 'pns', 'IV.a', '11', '92', '1562', 's3', '', 11, '19770226 200604 2 00', '1982-01-01', '2007-10-01', '', '2021-03-01', NULL, NULL, NULL, NULL, '473455053507000', '7433740641131352', '2001016244', '340501020174537', NULL, NULL, NULL, NULL, NULL, NULL, NULL),
	(59, 'aktif', '196502192005011002', '6271031902650001', 'Yuel,S.PAK, M.Th', 'Puruk Cahu', '1965-02-19', 'l', 'kristen', 'kawin', NULL, '081251620870', 'siliptas@yahoo.com', 'Jl. Pratama No.5 RTA.Milono Km.7, Kel. Menteng, Kec. Jekan Raya', NULL, NULL, NULL, NULL, NULL, 'dosen', 'pns', 'III.d', '11', '92', '1562', 's2', '', 6, '19641102 200003 2 02', '2005-01-01', '2017-10-01', '', '2021-03-01', NULL, NULL, NULL, NULL, '683243760711000', '7551743644130052', '2219026501', '024301045637509', NULL, NULL, NULL, NULL, NULL, NULL, NULL),
	(60, 'tugas belajar', '197508122009011006', '6271031208750004', 'Agus Budi Handoko,S.Th, M.Sn', 'Surakarta', '1975-08-12', 'l', 'kristen', 'kawin', NULL, '081390046003', 'handokoagusbudi@gmail.com', 'Jl. Sapan Raya, Kel. Bukit Tunggal, Kec. Jekan Raya', NULL, NULL, NULL, NULL, NULL, 'dosen', 'pns', 'III.d', '11', '92', '1562', 's2', '', 30, '19700906 199512 1 00', '2009-01-01', '2022-04-01', '', NULL, NULL, NULL, NULL, NULL, '155587215711000', '3144753654130143', '2212087501', '343401022266539', NULL, NULL, NULL, NULL, NULL, NULL, NULL),
	(61, 'tugas belajar', '198601032015032003', '1802204301860003', 'Indah Sriwijayanti, M.Si.Teol', 'Panjirejo', '1986-01-03', 'p', 'kristen', 'kawin', NULL, '085828391314', 'indahsriwijayanti@yahoo.co.id', 'Jl. Damang Leman No.2, Kel. Menteng, Kec. Jekan Raya', NULL, NULL, NULL, NULL, NULL, 'dosen', 'pns', 'III.d', '11', '92', '1562', 's2', '', 6, '19770226 200604 2 00', '2015-03-01', '2022-10-01', '', NULL, NULL, NULL, NULL, NULL, '732619460711000', '435764665230272', '2003018601', '138401000357501', NULL, NULL, NULL, NULL, NULL, NULL, NULL),
	(62, 'aktif', '198111102014031001', '5371021011810002', 'Rinto Hasiholan Hutapea, M.Th', 'Sibolga', '1981-11-10', 'l', 'kristen', 'kawin', NULL, '081310083870', 'rintohutapea81@gmail.com', 'Jl. Jati Raya 1 Palangka Raya', NULL, NULL, NULL, NULL, NULL, 'dosen', 'pns', 'III.d', '11', '92', '1562', 's2', '', 33, '19641102 200003 2 02', '2014-03-01', '2024-06-01', '', '2021-03-01', NULL, NULL, NULL, NULL, '251538542404000', '8442759660130263', '2210118101', '', NULL, NULL, NULL, NULL, NULL, NULL, NULL),
	(63, 'aktif', '198011212008011004', '6271032111800003', 'Jeffry Simson Supardi, M.Psi', 'Malang', '1980-11-21', 'l', 'kristen', 'kawin', NULL, '081349208808', 'jeffrysimson@gmail.com', 'Jl. Jati No.80, Kel. Panarung, Kec. Pahandut', NULL, NULL, NULL, NULL, NULL, 'dosen', 'pns', 'III.d', '11', '92', '1562', 's2', '', 32, '19720825 200604 2 00', '2008-01-01', '2024-06-01', '', '2021-03-01', NULL, NULL, NULL, NULL, '683243869711000', '4453758659137053', '2021118001', '454201000387503', NULL, NULL, NULL, NULL, NULL, NULL, NULL),
	(64, 'aktif', '198403242009012011', '6271016403840005', 'Lilyantie,S.Th, M.Si', 'Palangka Raya', '1984-03-24', 'p', 'kristen', 'kawin', NULL, '081251567699', 'lilyantie@yahoo.co.id', 'Jl. Yos Sudarso No. 043 ', NULL, NULL, NULL, NULL, NULL, 'dosen', 'pns', 'III.d', '11', '92', '1562', 's2', '', 31, '19720825 200604 2 00', '2009-01-01', '2024-06-01', '', NULL, NULL, NULL, NULL, NULL, '899967442711000', '8656762663230262', '2224038401', '024301045635507', NULL, NULL, NULL, NULL, NULL, NULL, NULL),
	(65, 'aktif', '198610292018012001', '6271036910860003', 'Eva Inriani, M.Th', 'Gunung Mas', '1986-10-29', 'p', 'kristen', 'kawin', NULL, '085828633439', 'pdteva10@gmail.com', 'Jl. Mutiara No. 16, Kel. Bukit Tunggal, Kec. Jekan Raya', NULL, NULL, NULL, NULL, NULL, 'dosen', 'pns', 'III.c', '11', '92', '1562', 's2', '', 11, '19720825 200604 2 00', '2018-01-01', '2022-04-01', '', '2021-03-01', NULL, NULL, NULL, NULL, '840245260711000', '8361764665230193', '2029108601', '454401014464531', NULL, NULL, NULL, NULL, NULL, NULL, NULL),
	(66, 'aktif', '198512222019032008', '6210026212850001', 'Desi Natalia, M.Si', 'Palangka Raya', '1985-12-22', 'p', 'kristen', 'kawin', NULL, '081348930269', 'desi.nataliaahad@gmail.com', 'Jl. G.Obos VIII Komplek 4 Sekawan No. 01', NULL, NULL, NULL, NULL, NULL, 'dosen', 'pns', 'III.c', '11', '92', '1562', 's2', '', 31, '19720825 200604 2 00', '2019-03-01', '2023-10-01', '', '2021-03-01', NULL, NULL, NULL, NULL, '543783518711000', '1554763664237003', '1122128503', '760001001775504', NULL, NULL, NULL, NULL, NULL, NULL, NULL),
	(67, 'aktif', '198811222019031011', '3275051211880010', 'Daido Tri Sampurna Lumban Raja, M.Th', 'Jakarta', '1988-11-22', 'l', 'kristen', 'kawin', NULL, '082159207758', 'daidolumbanraja@gmail.com', 'Jl. Perumahan Graha Nusa Batam Blok No 9', NULL, NULL, NULL, NULL, NULL, 'dosen', 'pns', 'III.c', '11', '92', '1562', 's2', '', 11, '19700906 199512 1 00', '2019-03-01', '2023-10-01', '', '2023-06-01', NULL, NULL, NULL, NULL, '', '8444766667130293', '2322118801', '793701008473536', NULL, NULL, NULL, NULL, NULL, NULL, NULL),
	(68, 'tugas belajar', '199212082019032019', '5104024812920005', 'Ni Nyoman Astrini Utami, M.Hum', 'Kab. Ganyar', '1992-12-08', 'p', 'hindu', 'kawin', NULL, '081257585150', 'ninyomanastriniutami@gmail.com', 'Jl. Yos Sudarso No 112 Palangka Raya', NULL, NULL, NULL, NULL, NULL, 'dosen', 'pns', 'III.c', '11', '92', '1562', 's2', '', 35, '19700906 199512 1 00', '2019-03-01', '2023-10-01', '', '2023-09-01', NULL, NULL, NULL, NULL, '', '1540770671230303', '2008129202', '760001013873534', NULL, NULL, NULL, NULL, NULL, NULL, NULL),
	(69, 'tugas belajar', '199209302019031010', '6271033009920001', 'Putra Andino Nugrahhu, M.Pd', 'Banjarmasin', '1992-09-30', 'l', 'kristen', 'kawin', NULL, '085249205056', 'nugrahhuputraandino@gmail.com', 'JL. Rajawali VI NO. 8        ', NULL, NULL, NULL, NULL, NULL, 'dosen', 'pns', 'III.c', '11', '92', '1562', 's2', '', 35, '19700906 199512 1 00', '2019-03-01', '2023-10-01', '', '2021-03-01', NULL, NULL, NULL, NULL, '', '4262770671130273', '30099201', '759901010305537', NULL, NULL, NULL, NULL, NULL, NULL, NULL),
	(70, 'tugas belajar', '199010162019031010', '6271031610900001', 'Defri Triadi, M.Si', 'Palangka Raya', '1990-10-16', 'l', 'kristen', 'kawin', NULL, '081244525709', 'defritriadi@gmail.com', 'JL. Tiung II No. 19        ', NULL, NULL, NULL, NULL, NULL, 'dosen', 'pns', 'III.c', '11', '92', '1562', 's2', '', 33, '19770226 200604 2 00', '2019-03-01', '2023-10-01', '', '2021-03-01', NULL, NULL, NULL, NULL, '751068305711000', '5348768669130293', '2016109001', '216801006539500', NULL, NULL, NULL, NULL, NULL, NULL, NULL),
	(71, 'tugas belajar', '199307122019032019', '3278085207930010', 'Silvia Rahmelia, M.Pd', 'Kota Tasikmalaya', '1993-07-12', 'p', 'kristen', 'kawin', NULL, '081220473715', 'silviarahmelia@gmail.com', 'Jl. G Obos No 70', NULL, NULL, NULL, NULL, NULL, 'dosen', 'pns', 'III.c', '11', '92', '1562', 's2', '', 6, '19770226 200604 2 00', '2019-03-01', '2023-10-01', '', '2024-09-02', NULL, NULL, NULL, NULL, '737515304425000', '7044771672230353', '2012079302', '760001013875536', NULL, NULL, NULL, NULL, NULL, NULL, NULL),
	(72, 'tugas belajar', '199010262019032021', '1208076610900002', 'Oktani Haloho, M.Sc', 'Kab. Simalungun', '1990-10-26', 'p', 'kristen', 'kawin', NULL, '082370757470', 'oktanihaloho@gmail.com', 'Jl. Tampung Penyang II A RTA.Milono Km.6 Perum Kayzar B No 9', NULL, NULL, NULL, NULL, NULL, 'dosen', 'pns', 'III.c', '11', '92', '1562', 's2', '', 34, '19641102 200003 2 01', '2019-03-01', '2023-10-01', '', '2024-09-02', NULL, NULL, NULL, NULL, '669097586117000', '4358768669230263', '2026109002', '454401016605531', NULL, NULL, NULL, NULL, NULL, NULL, NULL),
	(73, 'tugas belajar', '199001242019081001', '6271032401900001', 'Chris Apandie, M.Pd', 'Palangka Raya', '1990-01-24', 'l', 'kristen', 'kawin', NULL, '085249120127', 'capandie@gmail.com', 'Jl. G Obos No 70', NULL, NULL, NULL, NULL, NULL, 'dosen', 'pns', 'III.c', '11', '92', '1562', 's2', '', 33, '19720825 200604 2 00', '2019-08-01', '2024-12-01', '', '2024-10-01', NULL, NULL, NULL, NULL, '914976113711000', '1456768669130282', '2024019003', '760001013874530', NULL, NULL, NULL, NULL, NULL, NULL, NULL),
	(74, 'aktif', '198803012019032012', '6271034103880005', 'Tiavone Theressa Andiny, M.Si', 'Palangka Raya', '1988-03-01', 'p', 'kristen', 'kawin', NULL, '085348334004', 'tia.andiny88iaknpky@gmail.com', 'Jl. Sepakat III No H77 Perum Bangas Permai', NULL, NULL, NULL, NULL, NULL, 'dosen', 'pns', 'III.c', '11', '92', '1562', 's2', '', 11, '19720825 200604 2 00', '2019-03-01', '2024-08-01', '', '2021-03-01', NULL, NULL, NULL, NULL, '', '8633766667230302', '2001038803', '454101021911535', NULL, NULL, NULL, NULL, NULL, NULL, NULL),
	(75, 'aktif', '196609182005012003', '6271035809660001', 'Dr. Silipta, S.PAK., M.Th', 'Kotawaringin Timur', '1966-09-18', 'p', 'kristen', 'kawin', NULL, '081352837447', 'siliptas@yahoo.com', 'Jl. Pratama No.5 RTA.Milono Km.7        ', NULL, NULL, NULL, NULL, NULL, 'dosen', 'pns', 'III.c', '11', '92', '1562', 's3', '', 34, '19770226 200604 2 00', '2005-01-01', '2024-10-01', '', NULL, NULL, NULL, NULL, NULL, '683243778711000', '6250744645230073', '2218096601', '454401002642533', NULL, NULL, NULL, NULL, NULL, NULL, NULL),
	(76, 'tugas belajar', '198604202015032002', '9101016004860001', 'Latupeirissa Risvan, S.Si.Teol, M.Si', 'Merauke', '1986-04-20', 'p', 'kristen', 'belum_kawin', NULL, '085343132666', 'r_latupeirissa@yahoo.co.id', 'Jl. Tampung Penyang', NULL, NULL, NULL, NULL, NULL, 'dosen', 'pns', 'III.b', '11', '92', '1562', 's2', '', 12, '19720825 200604 2 00', '2015-03-01', '2016-06-01', '', NULL, NULL, NULL, NULL, NULL, '736200122954000', '6752764665230322', '2020048602', '030801035550501', NULL, NULL, NULL, NULL, NULL, NULL, NULL),
	(77, 'aktif', '198909192019031011', '3275061909890014', 'Reynhard Malau, M.Th', 'Jakarta', '1989-09-19', 'l', 'kristen', 'belum_kawin', NULL, '085286503260', 'reynhardmalau@gmail.com', 'Jl. RTA Milono Km 4,5', NULL, NULL, NULL, NULL, NULL, 'dosen', 'pns', 'III.b', '9', '92', '1561', 's2', '', 7, '19720825 200604 2 00', '2019-03-01', '2020-03-01', '', NULL, NULL, NULL, NULL, NULL, '829575711427000', '6251767668131053', '2319098901', '793701008471534', NULL, NULL, NULL, NULL, NULL, NULL, NULL),
	(78, 'aktif', '199307292019082001', '6271026907930002', 'Cristi Devi Darnita, M.A.', 'Palangka Raya', '1993-07-29', 'p', 'kristen', 'kawin', NULL, '082153739201', 'cristidevidarnita@gmail.com', 'Jl. Yos Sudarso No. 978        ', NULL, NULL, NULL, NULL, NULL, 'dosen', 'pns', 'III.b', '9', '92', '1561', 's2', '', 11, '19700906 199512 1 00', '2019-08-01', '2019-08-01', '', '2022-08-01', NULL, NULL, NULL, NULL, '752285171711000', '2061771672230273', '2029079301', '778901006446530', NULL, NULL, NULL, NULL, NULL, NULL, NULL),
	(79, 'tugas belajar', '198810082020122016', '1607104810880008', 'Yane Octavia Rismawati Wainarisi, M.Th', 'Pontianak', '1988-10-08', 'p', 'kristen', 'kawin', NULL, '085210984401', 'yaneoctavia@gmail.com', 'Jl. Sukamakmur RT/RW 022/010 Kel. Air Batu Kec. Talang Kelapa Kab. Banyuasin Sumatera Selatan', NULL, NULL, NULL, NULL, NULL, 'dosen', 'pns', 'III.b', '9', '92', '1561', 's2', '', 7, '19720825 200604 2 00', '2020-12-01', '2020-12-01', '', NULL, NULL, NULL, NULL, NULL, '347352593314ooo', '9340766667230283', '2008108804', '575701000370502', NULL, NULL, NULL, NULL, NULL, NULL, NULL),
	(80, 'aktif', '198903192020121010', '1202151903890002', 'Alfonso Munte, M.Pd.K', 'Palembang', '1989-03-19', 'l', 'kristen', 'kawin', NULL, '085393594845', 'alfonsomunthe@gmail.com', 'Jl. Pelajar IV No.11a Palangka Raya', NULL, NULL, NULL, NULL, NULL, 'dosen', 'pns', 'III.b', '9', '92', '1561', 's2', '', 6, '19770226 200604 2 00', '2020-12-01', '2020-12-01', '', NULL, NULL, NULL, NULL, NULL, '668865843009000', '8651767668130282', '2019038902', '024301112534501', NULL, NULL, NULL, NULL, NULL, NULL, NULL),
	(81, 'aktif', '199301142020122020', '6203055404930001', 'Yola Pradita, M.Th', 'Kapuas', '1993-01-14', 'p', 'kristen', 'kawin', NULL, '082251315058', 'yolapradita14@gmail.com', 'Jl. Hiu Putih XII, RT/RW 006/010 Kel. Bukit Tunggal Kec. Jekan Raya Kota Palangka Raya', NULL, NULL, NULL, NULL, NULL, 'dosen', 'pns', 'III.b', '9', '92', '1561', 's2', '', 9, '19720825 200604 2 00', '2020-12-01', '2020-12-01', '', NULL, NULL, NULL, NULL, NULL, '412765612711000', '8446771672230232', '2014019303', '452401007787536', NULL, NULL, NULL, NULL, NULL, NULL, NULL),
	(82, 'aktif', '197809032009012008', '6271034309780002', 'Fitrisiswanty, S.E., M.Si', 'Palangka Raya', '1978-09-03', 'p', 'kristen', 'kawin', 'k/1/2', '085249192799', 'fitrisiswanty@gmail.com', 'Jl. Cendana No. 16', NULL, NULL, NULL, NULL, NULL, 'administrasi', 'pns', 'III.d', '10', '99', '1528', 's2', '', 24, '19671116 198903 1 00', '2009-01-01', '2021-04-01', '', NULL, NULL, NULL, NULL, NULL, '156481863711000', '', '', '024301045632509', NULL, NULL, NULL, NULL, NULL, NULL, NULL),
	(83, 'aktif', '198107152009012016', '6271015507810008', 'Friska Muliani, S.IP.', 'Palangka Raya', '1981-07-15', 'p', 'kristen', 'kawin', 'k/1', '081349209896', 'friskaleandrotito@gmail.com', 'Jl. Darmosugondo Gg. Rahmat No.02        ', NULL, NULL, NULL, NULL, NULL, 'administrasi', 'pns', 'III.d', '10', '99', '5210', 's1', '', 4, '19671116 198903 1 00', '2009-01-01', '2021-04-01', '', NULL, NULL, NULL, NULL, NULL, '899967475711000', '', '', '024301028664509', NULL, NULL, NULL, NULL, NULL, NULL, NULL),
	(84, 'aktif', '199304292019031011', '6271032904930007', 'Agri Apriliando, S.T', 'Palangka Raya', '1993-04-29', 'l', 'kristen', 'kawin', 'k/1', '085249441182', 'agripriliando@gmail.com', 'Jl. Badak IX No 10 B Palangka Raya', NULL, NULL, NULL, NULL, NULL, 'administrasi', 'pns', 'III.b', '8', '99', '1535', 's1', '', 18, '19671116 198903 1 00', '2019-03-01', '2025-06-01', '', NULL, NULL, NULL, NULL, NULL, '839022654711000', '', '', '454101001750501', NULL, NULL, NULL, NULL, NULL, NULL, NULL),
	(85, 'aktif', '198904242019031010', '6208052404890001', 'Arther Evert Samuel, S.E', 'Jakarta', '1989-04-24', 'l', 'kristen', 'belum_kawin', 'tk/0', '085252973618', '54moeel@gmail.com', 'Jl. Mutiara V No. 16', NULL, NULL, NULL, NULL, NULL, 'administrasi', 'pns', 'III.b', '8', '99', '1530', 's1', '', 4, '19671116 198903 1 00', '2019-03-01', '2023-04-01', '', NULL, NULL, NULL, NULL, NULL, '904196136713000', '', '', '714601007715532', NULL, NULL, NULL, NULL, NULL, NULL, NULL),
	(86, 'aktif', '198704242020122013', '6203016404870002', 'Kronika Novie Welianti, S.H', 'Kuala Kapuas', '1987-04-24', 'p', 'kristen', 'kawin', 'k/1', '085251472666/08', 'kronikanw@gmail.com', 'Jl. Kalibata Blok D Jalur 1 No. K2 Palangka Raya', NULL, NULL, NULL, NULL, NULL, 'administrasi', 'pns', 'III.b', '8', '99', '5210', 's1', '', 4, '19671116 198903 1 00', '2020-12-01', '2024-12-01', '', NULL, NULL, NULL, NULL, NULL, '155996705711000', '', '', '024301112530507', NULL, NULL, NULL, NULL, NULL, NULL, NULL),
	(87, 'aktif', '199301012020121021', '6271030101930005', 'Raymond Gomgom Sitorus, S.Kom', 'Palangka Raya', '1993-01-01', 'l', 'kristen', 'belum_kawin', 'tk/0', '081345374932', '199301012020121021@kemenag.go.id', 'Jl. Bromo No. 15, RT/RW 03/14 Kel. Palangka Kec. Jekan Raya Kota Palangka Raya', NULL, NULL, NULL, NULL, NULL, 'administrasi', 'pns', 'III.a', '8', '99', '1535', 's1', '', 14, '19671116 198903 1 00', '2020-12-01', '2020-12-01', '', NULL, NULL, NULL, NULL, NULL, '807186077711000', '', '', '760001018529538', NULL, NULL, NULL, NULL, NULL, NULL, NULL),
	(88, 'aktif', '198312242008031002', '6210022412830000', 'Devid Prianata, S.E., M.P.W.K', 'Barito Selatan', '1983-12-24', 'l', 'kristen', '', '', '081348997245', 'devidprianata@gmail.com', 'Jl. G.Obos VIII Komplek 4 Sekawan No. 01', NULL, NULL, NULL, NULL, NULL, 'administrasi', 'pns', 'III.d', '10', '99', '1530', 's2', '', 4, '19680705 200604 1 00', '2009-03-01', '2019-10-01', '', NULL, NULL, NULL, NULL, NULL, '', '', '', '', NULL, NULL, NULL, NULL, NULL, NULL, NULL),
	(89, 'aktif', '198608152008012001', '6271035508860010', 'Ika Agustina, S.E., M.Si.', 'Palangka Raya', '1986-08-15', 'p', 'kristen', 'kawin', 'k/1/0', '085246496959', 'ika.iaknpalangkaraya@gmail.com', 'Jl. Sultan Badarudin No. 28 Palangka Raya', NULL, NULL, NULL, NULL, NULL, 'administrasi', 'pns', 'IV.a', '9', '99', 'KASUBBAG-TU-KIPK', 's2', '', 10, '19671116 198903 1 00', '2008-01-01', '2024-04-01', '', NULL, NULL, NULL, NULL, NULL, '683243877711000', '', '', '024301045626508', NULL, NULL, NULL, NULL, NULL, NULL, NULL),
	(90, 'aktif', '198306172009011009', '6271031706830009', 'Junadi Djojoatmodjo, S.E., M.Si.', 'Palangka Raya', '1983-06-17', 'l', 'kristen', 'kawin', 'k/1/0', '085249331562', 'junadi_hera@yahoo.com', 'Jl. RTA.Milono Km.8 Perum Fajar Permai I No. 25', NULL, NULL, NULL, NULL, NULL, 'administrasi', 'pns', 'IV.a', '9', '99', 'KASUBBAG-TU-ISKK', 's2', '', 23, '19671116 198903 1 00', '2009-01-01', '2025-04-01', '', NULL, NULL, NULL, NULL, NULL, '144822277711000', '', '', '024301045618505', NULL, NULL, NULL, NULL, NULL, NULL, NULL),
	(91, 'aktif', '198204222011012012', '6271036204820010', 'Gracesilya Veronica Barus, S.E.', 'Buntut Bali, Kab.Katingan', '1982-04-22', 'p', 'kristen', 'kawin', 'k/2', '082255343932', 'gracesilya_barus@yahoo.com', 'Jl.  G.Obos VIIIB', NULL, NULL, NULL, NULL, NULL, 'administrasi', 'pns', 'III.d', '8', '99', '5240', 's1', '', 4, '19671116 198903 1 00', '2011-01-01', '2023-04-01', '', NULL, NULL, NULL, NULL, NULL, '161191457711000', '', '', '454401000263503', NULL, NULL, NULL, NULL, NULL, NULL, NULL),
	(92, 'aktif', '197911262005012008', '6271036611790002', 'Trissia Noveta, S.Hut.', 'Kasongan', '1979-11-26', 'p', 'kristen', 'kawin', 'k/1', '085346672827', 'lenamuhaling@gmail.com', 'Jl. Aries V No. 22      ', NULL, NULL, NULL, NULL, NULL, 'administrasi', 'pns', 'III.d', '7', '8', 'penata_layanan_operasional', 's1', '', 2, '19680705 200604 1 00', '2005-01-01', '2020-04-01', '', NULL, NULL, NULL, NULL, NULL, '683243836711000', '', '', '024301045622504', NULL, NULL, NULL, NULL, NULL, NULL, NULL),
	(93, 'aktif', '198105052005012013', '6271014505810016', 'Meilena Salom Muhaling, S.Si.', 'Banyumas', '1981-05-05', 'p', 'kristen', 'belum_kawin', 'tk/1', '0816288885', 'trissia_noveta@kemenag.go.id', 'Jl. RTA.Milono Km.8 Perumahan Kereng Indah Permai        ', NULL, NULL, NULL, NULL, NULL, 'administrasi', 'pns', 'III.d', '7', '8', 'penata_layanan_operasional', 's1', '', 19, '19680705 200604 1 00', '2005-01-01', '2020-04-01', '', NULL, NULL, NULL, NULL, NULL, '144819612711000', '', '', '024301045613505', NULL, NULL, NULL, NULL, NULL, NULL, NULL),
	(94, 'aktif', '198003182009011003', '6271041803800002', 'Jhonny Rouland, S.E.', 'Jakarta', '1980-03-18', 'l', 'kristen', 'kawin', 'k/2', '081254004855', 'jhonny.roulnd@gmail.com', 'Jl. Basir Jahan XII RTA.Milono Km.9        ', NULL, NULL, NULL, NULL, NULL, 'administrasi', 'pns', 'III.d', '7', '8', 'penata_layanan_operasional', 's1', '', 4, '19671116 198903 1 00', '2009-01-01', '2021-04-01', '', NULL, NULL, NULL, NULL, NULL, '899967483711000', '', '', '024301045636503', NULL, NULL, NULL, NULL, NULL, NULL, NULL),
	(95, 'aktif', '197911092011011003', '6704030911790001', 'Edward Dabukke, M.Pd', 'Dairi', '1979-11-09', 'l', 'kristen', 'kawin', 'k/0', '081317000368', 'eddeuli@gmail.com', 'Jl. Matal Blok B No. 26 Perum Matal RTA. Milono Km. 9', NULL, NULL, NULL, NULL, NULL, 'administrasi', 'pns', 'III.d', '7', '8', 'penata_keprotokolan', 's2', '', 2, '19680705 200604 1 00', '2011-01-01', '2023-04-01', '', NULL, NULL, NULL, NULL, NULL, '578851818411000', '', '', '454401002635536', NULL, NULL, NULL, NULL, NULL, NULL, NULL),
	(96, 'aktif', '198305032010011023', '6212010305830003', 'Jayewardeni, S.Ds', 'Barito Selatan', '1983-05-30', 'l', 'kristen', '', '', '081351226044', 'jayewardeni@gmail.com', 'Jl. Temanggung Tilung XXII BTN No. 35 Palangka Raya', NULL, NULL, NULL, NULL, NULL, 'administrasi', 'pns', 'III.d', '6', '8', 'pengelola_layanan_operasional', 's1', '', 2, '19680705 200604 1 00', '2010-01-01', '2020-04-01', '', NULL, NULL, NULL, NULL, NULL, '577948185714000', '', '', '', NULL, NULL, NULL, NULL, NULL, NULL, NULL),
	(97, 'aktif', '198701302007012001', '6271017001870002', 'Yudeniririn Kunanto, S.IP., M.Si', 'Palangka Raya', '1987-01-30', 'p', 'kristen', '', '', '081253845587', 'yudeniririn@gmail.com', 'Jl. Eboni No. 09 Palangka Raya', NULL, NULL, NULL, NULL, NULL, 'administrasi', 'pns', 'IV.a', '6', '8', 'pengolah_data_dan_informasi', 's2', '', 14, '19680705 200604 1 00', '2007-01-01', '2024-12-01', '', NULL, NULL, NULL, NULL, NULL, '151626322711000', '', '', '', NULL, NULL, NULL, NULL, NULL, NULL, NULL),
	(98, 'aktif', '197707062005012015', '6271034607770003', 'Netanya, A.Md., S.Pd.K.', 'Tumbang Lapan', '1977-07-06', 'p', 'kristen', 'kawin', 'k/1/2', '081352843088', 'netanetanya@gmail.com', 'Jl. Kalibata 1 No. 7', NULL, NULL, NULL, NULL, NULL, 'administrasi', 'pns', 'III.d', '7', '8', 'penata_layanan_operasional', 's1', '', 23, '19680705 200604 1 00', '2005-01-01', '2025-04-01', '', NULL, NULL, NULL, NULL, NULL, '144142668711000', '', '', '024301040775506', NULL, NULL, NULL, NULL, NULL, NULL, NULL),
	(99, 'aktif', '198703142015032004', '6271025403870001', 'Nanisusantie, S.Th.', 'Palangka Raya', '1987-03-14', 'p', 'kristen', 'kawin', 'k/2', '082240577614', 'nanisusantie87@gmail.com', 'Jl. Cilik Riwut Km.29 No.23        ', NULL, NULL, NULL, NULL, NULL, 'administrasi', 'pns', 'III.c', '7', '8', 'penata_layanan_operasional', 's1', '', 3, '19680705 200604 1 00', '2015-03-01', '2023-04-01', '', NULL, NULL, NULL, NULL, NULL, '597870210711000', '', '', '778901001156538', NULL, NULL, NULL, NULL, NULL, NULL, NULL),
	(100, 'aktif', '198802132010011004', '6210021302880002', 'Andika Petrus, S.Kep., M.A.P', 'Kurun', '1988-02-13', 'l', 'kristen', '', '', '082153225523', '198802132010011004@kemenag.go.id', 'Jl. Ais Nasution Kec. Kurun', NULL, NULL, NULL, NULL, NULL, 'administrasi', 'pns', 'III.d', '6', '8', 'pengolah_data_dan_informasi', 's2', '', 2, '19680705 200604 1 00', '2010-01-01', '2024-10-01', '', NULL, NULL, NULL, NULL, NULL, '', '', '', '', NULL, NULL, NULL, NULL, NULL, NULL, NULL),
	(101, 'aktif', '197808152014111001', '6271031508780007', 'Philips Yacobus Tampa, S.E., M.A.P', 'Minahasa', '1978-08-15', 'l', 'kristen', 'kawin', 'k/1', '08115215878', 'minahasaboy@gmail.com', 'Jl. Tangkasiang No.002        ', NULL, NULL, NULL, NULL, NULL, 'administrasi', 'pns', 'III.b', '7', '8', 'penelaah_teknis_kebijakan', 's2', '', 4, '19680705 200604 1 00', '2014-11-01', '2023-04-01', '', NULL, NULL, NULL, NULL, NULL, '157986522711000', '', '', '024301081840500', NULL, NULL, NULL, NULL, NULL, NULL, NULL),
	(102, 'aktif', '197801092005012008', '6271042910640001', 'Ani Wawei, A.Md.', 'Buntok', '1978-01-09', 'p', 'kristen', 'kawin', 'k/1/0', '085387709588', 'ani.wawei@gmail.com', 'Jl. Haruan No.6        ', NULL, NULL, NULL, NULL, NULL, 'administrasi', 'pns', 'III.b', '6', '8', 'pengolah_data_dan_informasi', 'd3', '', 16, '19680705 200604 1 00', '2005-01-01', '2017-04-01', '', NULL, NULL, NULL, NULL, NULL, '168527893711000', '', '', '024301045661508', NULL, NULL, NULL, NULL, NULL, NULL, NULL),
	(103, 'aktif', '199104172020121017', '6203051704910002', 'Julianto, SE', 'Gunung Mas', '1991-04-17', 'l', 'islam', 'kawin', 'k/2', '082251685370', 'juliantoplasma@yahoo.com', 'Jl. Suka Mangkahai Gg. Padat Karya RT. 3 Mandomai Kapuas Barat', NULL, NULL, NULL, NULL, NULL, 'administrasi', 'pns', 'III.b', '7', '8', 'penelaah_teknis_kebijakan', 's1', 'petugas pengelola barang milik negara', 4, '19680705 200604 1 00', '2020-12-01', '2025-04-01', 'petugas pengelola barang milik negara', NULL, NULL, NULL, NULL, NULL, '733227151711000', '', '', '452401015348538', NULL, NULL, NULL, NULL, NULL, NULL, NULL),
	(104, 'aktif', '196803152014112004', '6271035503680005', 'Etik Purnama, S.S.I', 'Barito Timur', '1968-03-15', 'p', 'kristen', 'belum_kawin', 'tk/0', '081345513050', 'etikpurnama76@gmail.com', 'Jl. Garuda X No.21        ', NULL, NULL, NULL, NULL, NULL, 'administrasi', 'pns', 'III.a', '7', '8', 'penata_layanan_operasional', 's1', '', 19, '19680705 200604 1 00', '2014-11-01', '2024-04-01', '', NULL, NULL, NULL, NULL, NULL, '160127031711000', '', '', '024301081817507', NULL, NULL, NULL, NULL, NULL, NULL, NULL),
	(105, 'aktif', '197212262007011016', '6704030911790001', 'Natalis Ingat', 'Ampah', '1972-12-26', 'l', 'kristen', 'kawin', 'k/1/0', '085249028643', 'nnatali351@gmail.com', 'Jl. Unkrip No.22 Palangka Raya        ', NULL, NULL, NULL, NULL, NULL, 'administrasi', 'pns', 'III.a', '5', '8', 'pengadministrasi_perkantoran', 'sma', '', 4, '19671116 198903 1 00', '2007-01-01', '2025-04-01', '', NULL, NULL, NULL, NULL, NULL, '155435092711000', '', '', '024301045615507', NULL, NULL, NULL, NULL, NULL, NULL, NULL),
	(106, 'aktif', '196901072014111002', '6271010701690002', 'Reflie Ventie Runtu', 'Minahasa', '1969-01-07', 'l', 'kristen', 'kawin', 'k/2', '089696222232', '196901072014111002@kemenag.go.id', 'Jl. RTA.MilonoKm.7 Langkai Permai III No.5        ', NULL, NULL, NULL, NULL, NULL, 'administrasi', 'pns', 'II.c', '5', '8', 'pengadministrasi_perkantoran', 'sma', '', 23, '19680705 200604 1 00', '2014-11-01', '2023-04-01', '', NULL, NULL, NULL, NULL, NULL, '746923788711000', '', '', '024301081841506', NULL, NULL, NULL, NULL, NULL, NULL, NULL),
	(107, 'aktif', '199611032023211002', '6271030311960001', 'Kurniawan Netanyahu, M.A', 'Kab. Kapuas', '1996-11-03', 'l', 'kristen', 'kawin', NULL, '081391451588', 'kurniawanneta.ig@gmail.com', 'Jl. Garuda No 014', NULL, NULL, NULL, NULL, NULL, 'dosen', 'pppk', 'X', '9', '92', '1561', 's2', '', 31, '19720825 200604 2 00', '2023-08-01', '2023-08-01', '', NULL, NULL, NULL, NULL, NULL, '53.143.429.8-711.000', '5435774675130163', '2003119601', '', NULL, NULL, NULL, NULL, NULL, NULL, NULL),
	(108, 'aktif', '199311272023212034', '1276016711930002', 'Nova Lady Simanjuntak, M.Pd', 'Tebing Tinggi', '1993-11-27', 'p', 'kristen', 'belum_kawin', NULL, '081222406225', 'novaladysimanjuntak27@gmail.com', 'Jl. Tampung Penyang V No. 23', NULL, NULL, NULL, NULL, NULL, 'dosen', 'pppk', 'X', '9', '92', '1561', 's2', '', 30, '19700906 199512 1 00', '2023-08-01', '2023-08-01', '', NULL, NULL, NULL, NULL, NULL, '501186811711000', '6459771672230253', '2027119303', '', NULL, NULL, NULL, NULL, NULL, NULL, NULL),
	(109, 'aktif', '197911242023211006', '3274042411790008', 'Agus Sutrisno Muljono, S.Psi., M.Si', 'Cirebon', '1979-11-24', 'l', 'kristen', 'kawin', NULL, '081221953123', 'agussutrisnomuljono79@gmail.com', 'JL. Raden Saleh I No. 7A, RT/RW. 004/007, Kel. Menteng, Kec. Jekan Raya', NULL, NULL, NULL, NULL, NULL, 'dosen', 'pppk', 'X', '9', '92', '1561', 's2', '', 32, '', '2023-12-01', '2024-01-01', '', NULL, NULL, NULL, NULL, NULL, '804313138711000', '7456757658130133', '2024117903', '', NULL, NULL, NULL, NULL, NULL, NULL, NULL),
	(110, 'aktif', '196912232023212005', '6372056312690001', 'Citra Dewi, M.Th', 'Kab. Pulang Pisau', '1969-12-23', 'p', 'kristen', 'kawin', NULL, '081256064604', 'cdewi3621@gmail.com', 'JL. Bajau Ranju No. 38 B, RT/RW. 003/010, Kel. Langkai, Kec. Pahandut', NULL, NULL, NULL, NULL, NULL, 'dosen', 'pppk', 'X', '9', '92', '1561', 's2', '', 36, '', '2023-12-01', '2024-01-01', '', NULL, NULL, NULL, NULL, NULL, '840337521711000', '555747648230093', '2023126901', '', NULL, NULL, NULL, NULL, NULL, NULL, NULL),
	(111, 'aktif', '199003292023212040', '6271036903900002', 'Yuherlita Marneci, M.Pd.K', 'Kab. Katingan', '1990-03-29', 'p', 'kristen', 'kawin', NULL, '083141831248', 'yuherlitamarneci001@gmail.com', 'JL. Piranha 8, RT/RW. 00/016, Kel/Desa. Bukit Tunggal, Kec. Jekan Raya', NULL, NULL, NULL, NULL, NULL, 'dosen', 'pppk', 'X', '9', '92', '1561', 's2', '', 6, '', '2023-12-01', '2024-01-01', '', NULL, NULL, NULL, NULL, NULL, '839570884711000', '5661768669230272', '9922010520', '24301023742530', NULL, NULL, NULL, NULL, NULL, NULL, NULL),
	(112, 'aktif', '198908082023211029', '6271010808890008', 'Agus Gelu Libur, S.Pd.K', 'Kab. Flores Timur', '1989-08-08', 'l', 'kristen', '', '', '082148532744', 'agusgelu4@gmail.com', 'JL. Lamtoro Gung II  Blok A. No A 11', NULL, NULL, NULL, NULL, NULL, 'administrasi', 'pppk', 'X', '8', '99', '1538', 's1', '', 4, '', '2023-12-01', '2024-01-01', '', NULL, NULL, NULL, NULL, NULL, '766920466711000', '', '', '24301023738531', NULL, NULL, NULL, NULL, NULL, NULL, NULL),
	(113, 'aktif', '198912112023212050', '6271045112890001', 'Elisa Theresia, S.Th', 'Kab. Kapuas', '1989-12-11', 'p', 'kristen', '', '', '085349415836', 'elisanessy@gmail.com', 'JL. Matal Gg Sariau No. 07 RT/RW. 004/001 Kel. Sabaru, Kec. Sabangau', NULL, NULL, NULL, NULL, NULL, 'administrasi', 'pppk', 'IX', '8', '99', '1538', 's1', '', 4, '', '2023-12-01', '2024-01-01', '', NULL, NULL, NULL, NULL, NULL, '72.250.957.5-711.000', '', '', '', NULL, NULL, NULL, NULL, NULL, NULL, NULL),
	(114, 'aktif', '199308042023212039', '6213014408930001', 'Hendayani, S.T', 'Kab. Barito Timur', '1993-08-04', 'p', 'kristen', '', '', '082136099148', 'hendayanii04@gmail.com', 'JL. Lamtoro Gung, Jl. Haka 31 No. 1595', NULL, NULL, NULL, NULL, NULL, 'administrasi', 'pppk', 'IX', '8', '99', '1535', 's1', '', 4, '', '2023-12-01', '2024-01-01', '', NULL, NULL, NULL, NULL, NULL, '', '', '', '', NULL, NULL, NULL, NULL, NULL, NULL, NULL),
	(115, 'aktif', '199605022023212034', '6206024205930001', 'Loure Florentina, S.T', 'Palangka Raya', '1996-05-02', 'p', 'kristen', '', '', '081347977601', 'loureflo02@gmail.com', 'JL. G.Obos 25 Jl. Abimanyu No. 41', NULL, NULL, NULL, NULL, NULL, 'administrasi', 'pppk', 'IX', '8', '99', '1535', 's1', '', 4, '', '2023-12-01', '2024-01-01', '', NULL, NULL, NULL, NULL, NULL, '', '', '', '', NULL, NULL, NULL, NULL, NULL, NULL, NULL),
	(116, 'aktif', '199103272023211034', '6271012703910005', 'Yan Patria Pandu Arista, S.Kom', 'Kab. Karanganyar', '1991-03-27', 'l', 'kristen', '', '', '081347812994', 'yan.patria1991@gmail.com', 'JL. Tampung Penyang Perum Kayzar  Estate No. A.01, Kel. Menteng, Kec. Jekan Raya', NULL, NULL, NULL, NULL, NULL, 'administrasi', 'pppk', 'IX', '8', '99', '1530', 's1', '', 4, '', '2023-12-01', '2024-01-01', '', NULL, NULL, NULL, NULL, NULL, '80.931.382.8-711.000', '', '', '', NULL, NULL, NULL, NULL, NULL, NULL, NULL),
	(117, 'aktif', '199612212024211014', '6213052112960002', 'Chrismas Debianto, S.Pd.', 'Banjarmasin', '1996-12-21', 'l', 'kristen', '', '', '082352127683', 'debrianharinata@gmail.com', 'Jl. Sulawesi Gang Nusantara No. 48, Kota Palangka Raya', NULL, NULL, NULL, NULL, NULL, 'administrasi', 'pppk', 'IX', '8', '99', '1538', 's1', '', 18, '', '2024-03-01', '2024-05-01', '', NULL, NULL, NULL, NULL, NULL, '', '', '', '', NULL, NULL, NULL, NULL, NULL, NULL, NULL),
	(118, 'aktif', '198512092024212019', '6271014912850006', 'Remi Anggela, S.Pd.K.', 'Palangka Raya', '1985-12-09', 'p', 'kristen', '', '', '082255357080', 'anggelaremi@gmail.com', 'Jl. Bukit Pinang No. 160', NULL, NULL, NULL, NULL, NULL, 'administrasi', 'pppk', 'IX', '8', '99', '1538', 's1', '', 15, '', '2024-03-01', '2024-05-01', '', NULL, NULL, NULL, NULL, NULL, '76.668.765.1-711.000', '', '', '', NULL, NULL, NULL, NULL, NULL, NULL, NULL),
	(119, 'aktif', '199404152024212040', '6271015504940001', 'Andika Silviana, S.T.', 'Palangka Raya', '1994-04-15', 'p', 'kristen', '', '', '085246911417', 'echavi.ev@gmail.com', 'Jl. Temannggung Kanyapi II B', NULL, NULL, NULL, NULL, NULL, 'administrasi', 'pppk', 'IX', '8', '99', '5210', 's1', '', 4, '', '2024-03-01', '2024-05-01', '', NULL, NULL, NULL, NULL, NULL, '839304664711000', '', '', '', NULL, NULL, NULL, NULL, NULL, NULL, NULL),
	(120, 'aktif', '198611172024211014', '3201371711860002', 'Yafet Bintang Fajar Wailan Sinjal, S.Sn.', 'Jakarta Selatan', '1986-11-17', 'l', 'kristen', '', '', '085778138939', 'sinjal.yafet@gmail.com', 'Jl. Green Kemang Residence Blok B, No. 11, RT.002/RW.01, Kel. Pabuaran, Kec. Kemang, Kab. Bogor, Jawa Barat', NULL, NULL, NULL, NULL, NULL, 'administrasi', 'pppk', 'IX', '8', '99', '1520', 's1', '', 4, '', '2024-03-01', '2024-05-01', '', NULL, NULL, NULL, NULL, NULL, '', '', '', '', NULL, NULL, NULL, NULL, NULL, NULL, NULL),
	(121, 'aktif', '199603162024211013', '6271031603960010', 'Deniel Marcho Eli Katparu, S.T.', 'Gunung Mas', '1996-03-16', 'l', 'kristen', '', '', '082352695266', 'deniel.marcho@gmail.com', 'Jl. Sei Rangit No. 02, Kel. Bukit Tunggal Kec. Jekan Raya', NULL, NULL, NULL, NULL, NULL, 'administrasi', 'pppk', 'IX', '8', '99', '1535', 's1', '', 4, '', '2024-03-01', '2024-05-01', '', NULL, NULL, NULL, NULL, NULL, '94.324.169.5-711.000', '', '', '', NULL, NULL, NULL, NULL, NULL, NULL, NULL),
	(122, 'aktif', '198911142024212033', '6271035411890006', 'Novita Erianti, S.T.', 'Palangka Raya', '1989-11-14', 'p', 'kristen', '', '', '082250239819', 'novita.erianti89@gmail.com', 'Jl. B.Koetin BBA No. 71', NULL, NULL, NULL, NULL, NULL, 'administrasi', 'pppk', 'IX', '8', '99', '1535', 's1', '', 28, '', '2024-03-01', '2024-05-01', '', NULL, NULL, NULL, NULL, NULL, '', '', '', '', NULL, NULL, NULL, NULL, NULL, NULL, NULL),
	(123, 'aktif', '‌197608182025211005', '6211011808760001', 'Dr. Agustiman, M.Min', 'Kab. Kapuas', '1976-08-18', 'l', 'kristen', 'kawin', NULL, '081352715074', 'agustiman5@gmail.com', 'Jl. Antang 1 No 12 Kelurahan Palangka. Kecamatan Jekan Raya. Kota Palangkaraya', NULL, NULL, NULL, NULL, NULL, 'dosen', 'pppk', 'XII', '11', '92', '1562', 's3', '', 6, '', '2025-03-01', '2025-05-27', '', NULL, NULL, NULL, NULL, NULL, '', '8150754655130173', '-', '', NULL, NULL, NULL, NULL, NULL, NULL, NULL),
	(124, 'aktif', '‌197909282025211011', '6271032809790002', 'Dr. Kilat Kasanang, M.Th', 'Kab. Kapuas', '1979-09-28', 'l', 'kristen', 'kawin', NULL, '082256006639', 'kilatdamai65@gmail.com', 'Jl. Garuda VI No.09, Kel.Palangka, Kec.Jekan Raya, Kota Palangka Raya', NULL, NULL, NULL, NULL, NULL, 'dosen', 'pppk', 'XII', '11', '92', '1562', 's3', '', 8, '', '2025-03-01', '2025-05-27', '', NULL, NULL, NULL, NULL, NULL, '', '3260757658130113', '1128097901', '', NULL, NULL, NULL, NULL, NULL, NULL, NULL),
	(125, 'aktif', '‌197606012025211004', '6205050106760005', '‌Jonny Meyer, M.Th', 'Jakarta', '1976-06-01', 'l', 'kristen', 'kawin', NULL, '081385253919', 'jonnymeyerpanjaitan01@gmail.com', 'Jl. Matal', NULL, NULL, NULL, NULL, NULL, 'dosen', 'pppk', 'X', '9', '92', '1561', 's2', '', 11, '', '2025-03-01', '2025-05-27', '', NULL, NULL, NULL, NULL, NULL, '', '6933754655130162', '9922010514', '', NULL, NULL, NULL, NULL, NULL, NULL, NULL),
	(126, 'aktif', '‌198406192025212005', '6271035906840004', 'Sinta Nurlela, M.Pd', 'Kab. Gunung Mas', '1984-06-19', 'p', 'kristen', 'kawin', NULL, '085820463040', 'nurlelasinta92@gmail.com', 'Jl. Virgo II No. 65 Palangka Raya', NULL, NULL, NULL, NULL, NULL, 'dosen', 'pppk', 'X', '9', '92', '1561', 's2', '', 6, '', '2025-03-01', '2025-05-27', '', NULL, NULL, NULL, NULL, NULL, '', '8951762663230222', '9990612527', '', NULL, NULL, NULL, NULL, NULL, NULL, NULL),
	(127, 'aktif', '‌199401012025211020', '6210020101940002', 'Deprianto, S.Pd', 'Tewang Pajangan', '1994-01-01', 'l', 'kristen', '', '', '0895338860868', 'depriantodepri8@gmail.com', 'Jl. Surung Raya', NULL, NULL, NULL, NULL, NULL, 'administrasi', 'pppk', 'IX', '8', '99', '1538', 's1', '', 26, '', '2025-03-01', '2025-05-27', '', NULL, NULL, NULL, NULL, NULL, '', '', '', '', NULL, NULL, NULL, NULL, NULL, NULL, NULL),
	(128, 'aktif', '‌197109242025211001', '6271012409710002', 'Hari Sonedi, S.Hut', 'Palangka Raya', '1971-09-24', 'l', 'kristen', '', '', '082145500971', 'jhinkuy56@gmail.com', 'Jl. Ibie Kasan No. 05', NULL, NULL, NULL, NULL, NULL, 'administrasi', 'pppk', 'IX', '8', '99', '1538', 's1', '', 14, '', '2025-03-01', '2025-05-27', '', NULL, NULL, NULL, NULL, NULL, '', '', '', '', NULL, NULL, NULL, NULL, NULL, NULL, NULL),
	(129, 'aktif', '‌199506092025212016', '6271014906950003', '‌I Gusti Ayu Aldyth Alodia, S.Kom', 'Tumbang Samba', '1995-06-09', 'l', 'kristen', '', '', '0895349690019', 'igstayu.aldyth@gmail.com', 'Jl. Nyai Rendem', NULL, NULL, NULL, NULL, NULL, 'administrasi', 'pppk', 'IX', '8', '99', '1535', 's1', '', 29, '', '2025-03-01', '2025-05-27', '', NULL, NULL, NULL, NULL, NULL, '', '', '', '', NULL, NULL, NULL, NULL, NULL, NULL, NULL),
	(130, 'aktif', '‌199005062025212013', '6271034605900006', 'Meila Frensisca, S.Kom', 'Palangka Raya', '1990-05-06', 'p', 'kristen', '', '', '081321200990', 'frensangel@gmail.com', 'Jl. Bukit Raya IX.C. GG.1 NO.02', NULL, NULL, NULL, NULL, NULL, 'administrasi', 'pppk', 'IX', '8', '99', '1535', 's1', '', 4, '', '2025-03-01', '2025-05-27', '', NULL, NULL, NULL, NULL, NULL, '', '', '', '', NULL, NULL, NULL, NULL, NULL, NULL, NULL),
	(131, 'aktif', '‌199408142025212012', '6271035408940009', 'Monica Augina, S.E', 'Palangka Raya', '1994-08-14', 'p', 'kristen', '', '', '081357042409', 'auginamoca@gmail.com', 'Jl. Antang II', NULL, NULL, NULL, NULL, NULL, 'administrasi', 'pppk', 'IX', '8', '99', '5202', 's1', '', 4, '', '2025-03-01', '2025-05-27', '', NULL, NULL, NULL, NULL, NULL, '', '', '', '', NULL, NULL, NULL, NULL, NULL, NULL, NULL),
	(132, 'aktif', '‌199107092025212022', '6271034907910001', 'Vinny Maria Yulianty, S.T', 'Kab. Kapuas', '1991-07-09', 'p', 'kristen', '', '', '085249168680', 'vinnymaria13@gmail.com', 'Jl. Sangga Buana I', NULL, NULL, NULL, NULL, NULL, 'administrasi', 'pppk', 'IX', '8', '99', '1535', 's1', '', 26, '', '2025-03-01', '2025-05-27', '', NULL, NULL, NULL, NULL, NULL, '', '', '', '', NULL, NULL, NULL, NULL, NULL, NULL, NULL),
	(133, 'aktif', '‌199110272025211007', '6271012710910004', 'Antonius Prinando Saputra, S.Pd.K', 'Batapah', '1991-10-27', 'l', 'kristen', '', '', '082251565977', 'antoniuspera@gmail.com', 'Jl. Putri Junjung Buih III No.20', NULL, NULL, NULL, NULL, NULL, 'administrasi', 'pppk', 'IX', '7', '8', 'penata_layanan_operasional', 's1', '', 26, '', '2025-03-01', '2025-05-27', '', NULL, NULL, NULL, NULL, NULL, '', '', '', '', NULL, NULL, NULL, NULL, NULL, NULL, NULL),
	(134, 'aktif', '‌198702272025211023', '6271012702870007', 'Depi, S.Pd.K', 'Maliku', '1987-02-27', 'l', 'kristen', '', '', '085249043480', 'depidep872@gmail.com', 'Jl. Candra Buana/GG. Pandan Sari', NULL, NULL, NULL, NULL, NULL, 'administrasi', 'pppk', 'IX', '7', '8', 'penata_layanan_operasional', 's1', '', 23, '', '2025-03-01', '2025-05-27', '', NULL, NULL, NULL, NULL, NULL, '', '', '', '', NULL, NULL, NULL, NULL, NULL, NULL, NULL),
	(135, 'aktif', '‌198506212025211010', '6203102106850003', 'Erick Kristianson, S.Pd', 'Maliku Baru', '1985-06-21', 'l', 'kristen', '', '', '085252900898', 'erickristianson144@gmail.com', 'Jl. G.Obos Komplek DPRD', NULL, NULL, NULL, NULL, NULL, 'administrasi', 'pppk', 'IX', '7', '8', 'penata_layanan_operasional', 's1', '', 14, '', '2025-03-01', '2025-05-27', '', NULL, NULL, NULL, NULL, NULL, '', '', '', '', NULL, NULL, NULL, NULL, NULL, NULL, NULL),
	(136, 'aktif', '‌198304232025211013', '6210062304830001', 'Frilli Sua Renro, S.Pd.K', 'Palingkau', '1983-04-23', 'l', 'kristen', '', '', '081349209896', 'frillisuarenro@gmail.com', 'Jl. Anggrek KPR No. 8 RT/RW: 004/003', NULL, NULL, NULL, NULL, NULL, 'administrasi', 'pppk', 'IX', '7', '8', 'penata_layanan_operasional', 's1', '', 29, '', '2025-03-01', '2025-05-27', '', NULL, NULL, NULL, NULL, NULL, '', '', '', '', NULL, NULL, NULL, NULL, NULL, NULL, NULL),
	(137, 'aktif', '‌198502092025211010', '6211020902850001', 'Hendro, S.Pd.K', 'Bahaur', '1985-02-09', 'l', 'kristen', '', '', '085349475410', 'hendropky22@gmail.com', 'Jl. Matal Gg. Sariau', NULL, NULL, NULL, NULL, NULL, 'administrasi', 'pppk', 'IX', '7', '8', 'penata_layanan_operasional', 's1', '', 24, '', '2025-03-01', '2025-05-27', '', NULL, NULL, NULL, NULL, NULL, '', '', '', '', NULL, NULL, NULL, NULL, NULL, NULL, NULL),
	(138, 'aktif', '‌198410222025211014', '6271032210840008', 'Liven Stifanus, SP', 'Sampit', '1984-10-22', 'l', 'kristen', '', '', '085249056673', 'livenstifanus8@gmail.com', 'Jl. Rajawali V', NULL, NULL, NULL, NULL, NULL, 'administrasi', 'pppk', 'IX', '7', '8', 'penata_layanan_operasional', 's1', '', 24, '', '2025-03-01', '2025-05-27', '', NULL, NULL, NULL, NULL, NULL, '', '', '', '', NULL, NULL, NULL, NULL, NULL, NULL, NULL),
	(139, 'aktif', '‌198204182025211017', '6271031804820005', 'Sandro, S.Th', 'Mandomai', '1982-04-18', 'l', 'kristen', '', '', '082255907417', 'gloriavoice72@gmail.com', 'Jl.Bangka GG.Kalimantan No.3', NULL, NULL, NULL, NULL, NULL, 'administrasi', 'pppk', 'IX', '7', '8', 'penata_layanan_operasional', 's1', '', 14, '', '2025-03-01', '2025-05-27', '', NULL, NULL, NULL, NULL, NULL, '', '', '', '', NULL, NULL, NULL, NULL, NULL, NULL, NULL),
	(140, 'aktif', '‌198908032025211014', '6271010308890001', 'Trikashu Awatnu, S.Kom', 'Kab. Gunung Mas', '1989-08-03', 'l', 'kristen', '', '', '085249130233', 'trikashu@yahoo.com', 'Jl G. Obos III No. 94 Palangka Raya', NULL, NULL, NULL, NULL, NULL, 'administrasi', 'pppk', 'IX', '7', '8', 'penata_layanan_operasional', 's1', '', 18, '', '2025-03-01', '2025-05-27', '', NULL, NULL, NULL, NULL, NULL, '', '', '', '', NULL, NULL, NULL, NULL, NULL, NULL, NULL),
	(141, 'aktif', '‌198901122025211012', '6271010308890001', 'Wardana Kussuma, S.Pd', 'Palangka Raya', '1989-01-12', 'l', 'kristen', '', '', '085387831111', 'wardananr@gmail.com', 'Jl. Patih Tiup II', NULL, NULL, NULL, NULL, NULL, 'administrasi', 'pppk', 'IX', '7', '8', 'penata_layanan_operasional', 's1', '', 26, '', '2025-03-01', '2025-05-27', '', NULL, NULL, NULL, NULL, NULL, '', '', '', '', NULL, NULL, NULL, NULL, NULL, NULL, NULL),
	(142, 'aktif', '‌199609182025211010', '6271031809960004', 'Beni, A.Md, KA', 'Palangka Raya', '1996-09-18', 'l', 'kristen', '', '', '082155791301', 'benidiecast96@gmail.com', 'Jl. Mahir-Mahar II A / Bondol I Nomor 01', NULL, NULL, NULL, NULL, NULL, 'administrasi', 'pppk', 'VII', '6', '8', 'pengelola_layanan_operasional', 'dii', '', 16, '', '2025-03-01', '2025-05-27', '', NULL, NULL, NULL, NULL, NULL, '', '', '', '', NULL, NULL, NULL, NULL, NULL, NULL, NULL),
	(143, 'aktif', '‌198209172025211012', '6271031709820011', 'Setiawan Yardi', 'Palangka Raya', '1982-09-17', 'l', 'kristen', '', '', '', 'awangyardi@gmail.com', 'Jl. B. Koetin BBA No.05', NULL, NULL, NULL, NULL, NULL, 'administrasi', 'pppk', 'V', '5', '8', 'operator_layanan_operasional', 'sma', '', 2, '', '2025-03-01', '2025-05-27', '', NULL, NULL, NULL, NULL, NULL, '', '', '', '', NULL, NULL, NULL, NULL, NULL, NULL, NULL),
	(144, 'aktif', '‌198504242025211013', '6271042404850001', 'Vivin', 'Palangka Raya', '1985-04-24', 'l', 'kristen', '', '', '08115246677', 'vivinpky244@gmail.com', 'Jl. Sri Rejeki No. 5 RT/RW 002/004', NULL, NULL, NULL, NULL, NULL, 'administrasi', 'pppk', 'V', '5', '8', 'operator_layanan_operasional', 'sma', '', 2, '', '2025-03-01', '2025-05-27', '', NULL, NULL, NULL, NULL, NULL, '', '', '', '', NULL, NULL, NULL, NULL, NULL, NULL, NULL),
	(145, 'aktif', '199303262025051001', '8101172603930006', '‌Andre Marcel Toisuta, M.A', 'Ambon', '1993-03-26', 'l', 'kristen', 'belum_kawin', NULL, '0895366234555', 'andremarceltoisuta@gmail.com', 'Jl Gurami Putih 1 No.2a RT/RW 05/25', NULL, NULL, NULL, NULL, NULL, 'dosen', 'cpns', 'III.b', '9', '91', '1561', 's2', '', 8, '197009061995121001', '2025-05-01', '2025-06-02', '', NULL, NULL, NULL, NULL, NULL, '', '3658771672130322', '-', '', NULL, NULL, NULL, NULL, NULL, NULL, NULL),
	(146, 'aktif', '199610092025051006', '3274040910960003', '‌Andreas Setiawan, M. Th', 'Cirebon', '1996-10-09', 'l', 'kristen', 'kawin', NULL, '08562191827', 'andreproviden@gmail.com', 'Jl. Tampung Penyang Perumahan Tribrata No. 8. RT/RW 003/013, Kelurahan Menteng, Kecamatan Jekan Raya', NULL, NULL, NULL, NULL, NULL, 'dosen', 'cpns', 'III.b', '9', '91', '1561', 's2', '', 7, '197208252006042003', '2025-05-01', '2025-06-02', '', NULL, NULL, NULL, NULL, NULL, '', '8341774675130283', '-', '', NULL, NULL, NULL, NULL, NULL, NULL, NULL),
	(147, 'aktif', '199207042025052004', '6271014407920011', '‌Dewani Dama Shinta, M.Si', 'Palangka Raya', '1992-07-04', 'p', 'kristen', 'kawin', NULL, '085959778002', 'dewanidamashinta@gmail.com', 'Jl. Kecipir/Adonis Samad Komp. Borneo Sejahtera, Kelurahan Panarung, Kecamatan Pahandut', NULL, NULL, NULL, NULL, NULL, 'dosen', 'cpns', 'III.b', '9', '91', '1561', 's2', '', 32, '197208252006042003', '2025-05-01', '2025-06-02', '', NULL, NULL, NULL, NULL, NULL, '76.197.451.8-711.000', '1036770671230363', '-', '', NULL, NULL, NULL, NULL, NULL, NULL, NULL),
	(148, 'aktif', '199902112025051005', '1206012202990004', '‌Yoges Mahendra Saragih, M.Pd', 'Kabanjahe', '1999-02-11', 'l', 'kristen', 'belum_kawin', NULL, '085658366842', 'yogesmahendra72@gmail.com', 'Jl. Tampung Penyang, Kelurahan Menteng, Kecamatan Jekan Raya', NULL, NULL, NULL, NULL, NULL, 'dosen', 'cpns', 'III.b', '9', '91', '1561', 's2', 'plt. sekretaris lembaga penjaminan mutu', 6, '197402202006042001', '2025-05-01', '2025-06-02', 'plt. sekretaris lembaga penjaminan mutu', NULL, NULL, NULL, NULL, NULL, '1206012201990004', '9543777678130082', '2311029901', '', NULL, NULL, NULL, NULL, NULL, NULL, NULL),
	(149, 'aktif', '199603302025052008', '6206027003960002', '‌Evelline Kristiani, S.Kom', 'Tumbang Manggo', '1996-03-30', 'p', 'kristen', '', '', '085173380671', 'ev.attoff@gmail.com', 'Jl. Aries Blok C No 6, Kelurahan Kasongan Lama, Katingan Hilir', NULL, NULL, NULL, NULL, NULL, 'administrasi', 'cpns', 'III.a', '8', '93', '1535', 's1', '', 4, '197008162005012004', '2025-05-01', '2025-06-02', '', NULL, NULL, NULL, NULL, NULL, '85.787.459.8-712.000', '', '', '', NULL, NULL, NULL, NULL, NULL, NULL, NULL),
	(150, 'aktif', '199202082025051003', '1571070802920061', '‌Hosea Paniroi Panjaitan, S.E', 'Jambi', '1992-02-08', 'l', 'kristen', '', '', '081241324232', 'hosea.p.panjaitan@gmail.com', 'Jl. Rawamangun Muka Barat Blok A.10 RT.001 RW.012, Kelurahan Rawamangun, Kecamatan Pulogadung  ', NULL, NULL, NULL, NULL, NULL, 'administrasi', 'cpns', 'III.a', '8', '93', '1525', 's1', '', 24, '197008162005012004', '2025-05-01', '2025-06-02', '', NULL, NULL, NULL, NULL, NULL, '85.219.481.0-331.000', '', '', '', NULL, NULL, NULL, NULL, NULL, NULL, NULL),
	(151, 'aktif', '199204202025052001', '1271216004920003', '‌Imelda Apriani Barus, S.E', 'Sumbul', '1992-04-20', 'p', 'kristen', '', '', '081263372866', 'imeldaaprianibarus@gmail.com', 'Jl. Kalibata II, Perum Asyifa Residence Blok C No 7 ', NULL, NULL, NULL, NULL, NULL, 'administrasi', 'cpns', 'III.a', '8', '93', '1525', 's1', '', 24, '197008162005012004', '2025-05-01', '2025-06-02', '', NULL, NULL, NULL, NULL, NULL, '74.071.633.7-121.000', '', '', '', NULL, NULL, NULL, NULL, NULL, NULL, NULL),
	(152, 'aktif', '199411242025052002', '6213076411940001', '‌Vita Novita, S.E', 'Balikpapan', '1994-11-24', 'p', 'kristen', '', '', '085350002950', 'vitanh4@gmail.com', 'Jl. Menteng XIX No 10A, Kelurahan Menteng, Kecamatan Jekan Raya', NULL, NULL, NULL, NULL, NULL, 'administrasi', 'cpns', 'III.a', '8', '93', '5240', 's1', '', 4, '197008162005012004', '2025-05-01', '2025-06-02', '', NULL, NULL, NULL, NULL, NULL, '90.811.389.7-714.000', '', '', '', NULL, NULL, NULL, NULL, NULL, NULL, NULL);

-- Dumping structure for table simpeg_local.penempatan
CREATE TABLE IF NOT EXISTS `penempatan` (
  `id` bigint unsigned NOT NULL AUTO_INCREMENT,
  `nama` varchar(100) COLLATE utf8mb4_unicode_ci NOT NULL,
  `nama_panjang` varchar(100) COLLATE utf8mb4_unicode_ci NOT NULL,
  `warna` varchar(10) COLLATE utf8mb4_unicode_ci DEFAULT NULL,
  PRIMARY KEY (`id`)
) ENGINE=InnoDB AUTO_INCREMENT=38 DEFAULT CHARSET=utf8mb4 COLLATE=utf8mb4_unicode_ci;

-- Dumping data for table simpeg_local.penempatan: ~37 rows (approximately)
DELETE FROM `penempatan`;
INSERT INTO `penempatan` (`id`, `nama`, `nama_panjang`, `warna`) VALUES
	(1, 'BIRO AUAK', 'Biro Administrasi Umum, Akademik dan Kemahasiswaan', '#F59E0B'),
	(2, 'Bagian Umum dan Layanan Akademik', 'Bagian Umum dan Layanan Akademik', '#F59E0B'),
	(3, 'FSKK', 'FSKK', '#8B5CF6'),
	(4, 'Biro AUAK', 'Biro AUAK', '#F59E0B'),
	(5, 'SUBBAG Perencanaan, Keuangan dan Akuntansi', 'Sub Bagian Perencanaan, Keuangan dan Akuntansi', '#F59E0B'),
	(6, 'Pendidikan Agama Kristen', 'Pendidikan Agama Kristen', '#EF4444'),
	(7, 'Teologi', 'Teologi', '#EF4444'),
	(8, 'Musik Gereja', 'Musik Gereja', '#EF4444'),
	(9, 'Pastoral Konseling', 'Pastoral Konseling', '#EF4444'),
	(10, 'FKIPK', 'FKIPK', '#10B981'),
	(11, 'Kepemimpinan Kristen', 'Kepemimpinan Kristen', '#EF4444'),
	(12, 'Teologi S2', 'Teologi S2', NULL),
	(13, 'PAK S2', 'PAK S2', '#EC4899'),
	(14, 'Pascasarjana', 'Pascasarjana', '#EC4899'),
	(15, 'Lembaga Penjamin Mutu', 'Lembaga Penjamin Mutu', '#6B7280'),
	(16, 'Lembaga Penelitian Pengabdian Masyarakat', 'Lembaga Penelitian Pengabdian Masyarakat', '#6B7280'),
	(17, 'Unit Bahasa', 'Unit Bahasa', '#14B8A6'),
	(18, 'Unit TIPD', 'Unit TIPD', '#14B8A6'),
	(19, 'Unit Perpustakaan', 'Unit Perpustakaan', '#14B8A6'),
	(20, 'FISIKK', 'FISIKK', NULL),
	(21, 'Ruang WK I', 'Ruang WK I', '#9CA3AF'),
	(22, 'Ruang WK II', 'Ruang WK II', '#9CA3AF'),
	(23, 'Tata Usaha Fakultas FISKK', 'Tata Usaha Fakultas FISKK', '#3B82F6'),
	(24, 'Satuan Pengawas Internal', 'Satuan Pengawas Internal', '#000000'),
	(25, 'Keuangan', 'Keuangan', '#F97316'),
	(26, 'Tata Usaha Fakultas FKIPK', 'Tata Usaha Fakultas FKIPK', '#10B981'),
	(27, 'FKIPK', 'Fakultas Keguruan dan Ilmu Pendidikan Kristen', '#10B981'),
	(28, 'FISKK', 'Fakultas Ilmu Sosial Keagamaan Kristen', '#3B82F6'),
	(29, 'FSKK', 'Fakultas Seni Keagamaan Kristen', '#8B5CF6'),
	(30, 'Seni Pertunjukan Keagamaan', 'Seni Pertunjukan Keagamaan', NULL),
	(31, 'Sosiologi Agama', 'Sosiologi Agama', '#EF4444'),
	(32, 'Psikologi Kristen', 'Psikologi Kristen', '#EF4444'),
	(33, 'Manajemen Pendidikan Kristen', 'Manajemen Pendidikan Kristen', '#EF4444'),
	(34, 'Pendidikan Kristen Anak Usia Dini', 'Pendidikan Kristen Anak Usia Dini', '#EF4444'),
	(35, 'Pendidikan Musik Gereja', 'Pendidikan Musik Gereja', '#EF4444'),
	(36, 'Bimbingan dan Konseling Kristen', 'Bimbingan dan Konseling Kristen', '#EF4444'),
	(37, 'PAK S3', 'PAK S3', '#EC4899');

-- Dumping structure for table simpeg_local.roles
CREATE TABLE IF NOT EXISTS `roles` (
  `id` bigint unsigned NOT NULL AUTO_INCREMENT,
  `name` varchar(255) COLLATE utf8mb4_unicode_ci NOT NULL,
  `description` text COLLATE utf8mb4_unicode_ci,
  `is_enabled` tinytext COLLATE utf8mb4_unicode_ci,
  `created_by` bigint unsigned DEFAULT NULL,
  `updated_by` bigint unsigned DEFAULT NULL,
  `deleted_by` bigint unsigned DEFAULT NULL,
  `created_at` timestamp NULL DEFAULT NULL,
  `updated_at` timestamp NULL DEFAULT NULL,
  `deleted_at` timestamp NULL DEFAULT NULL,
  PRIMARY KEY (`id`),
  UNIQUE KEY `roles_name_unique` (`name`)
) ENGINE=InnoDB AUTO_INCREMENT=27 DEFAULT CHARSET=utf8mb4 COLLATE=utf8mb4_unicode_ci;

-- Dumping data for table simpeg_local.roles: ~5 rows (approximately)
DELETE FROM `roles`;
INSERT INTO `roles` (`id`, `name`, `description`, `is_enabled`, `created_by`, `updated_by`, `deleted_by`, `created_at`, `updated_at`, `deleted_at`) VALUES
	(1, 'admin', 'Admin', 'on', NULL, NULL, NULL, NULL, NULL, NULL),
	(2, 'admin7', 'Development Admin', 'on', NULL, 1, NULL, NULL, '2025-08-28 07:44:23', NULL),
	(16, 'Dev Test', '2635284639', 'on', NULL, NULL, NULL, '2025-08-28 02:51:56', '2025-08-28 08:12:31', '2025-08-28 08:12:31'),
	(21, 'Dev Test 2', '2635284639', 'on', NULL, NULL, NULL, '2025-08-28 03:06:03', '2025-08-28 08:12:18', '2025-08-28 08:12:18'),
	(25, 'Readonly', '....fy', 'on', NULL, NULL, NULL, '2025-08-28 04:07:20', '2025-08-28 04:07:20', NULL);

-- Dumping structure for table simpeg_local.role_permissions
CREATE TABLE IF NOT EXISTS `role_permissions` (
  `id` bigint unsigned NOT NULL AUTO_INCREMENT,
  `role_id` bigint unsigned NOT NULL,
  `menu_id` bigint unsigned DEFAULT NULL,
  `menu_action_id` bigint unsigned NOT NULL,
  `is_allowed` tinyint(1) NOT NULL DEFAULT '0',
  `is_enabled` tinyint(1) NOT NULL DEFAULT '0',
  `created_by` bigint unsigned DEFAULT NULL,
  `updated_by` bigint unsigned DEFAULT NULL,
  `deleted_by` bigint unsigned DEFAULT NULL,
  `created_at` timestamp NULL DEFAULT NULL,
  `updated_at` timestamp NULL DEFAULT NULL,
  `deleted_at` timestamp NULL DEFAULT NULL,
  PRIMARY KEY (`id`),
  KEY `role_permissions_menu_action_id_foreign` (`menu_action_id`),
  KEY `role_permissions_role_id_foreign` (`role_id`) USING BTREE,
  CONSTRAINT `role_permissions_menu_action_id_foreign` FOREIGN KEY (`menu_action_id`) REFERENCES `menu_actions` (`id`) ON DELETE CASCADE,
  CONSTRAINT `role_permissions_role_id_foreign` FOREIGN KEY (`role_id`) REFERENCES `roles` (`id`) ON DELETE CASCADE
) ENGINE=InnoDB AUTO_INCREMENT=67 DEFAULT CHARSET=utf8mb4 COLLATE=utf8mb4_unicode_ci;

-- Dumping data for table simpeg_local.role_permissions: ~62 rows (approximately)
DELETE FROM `role_permissions`;
INSERT INTO `role_permissions` (`id`, `role_id`, `menu_id`, `menu_action_id`, `is_allowed`, `is_enabled`, `created_by`, `updated_by`, `deleted_by`, `created_at`, `updated_at`, `deleted_at`) VALUES
	(1, 2, 3, 1, 1, 0, NULL, NULL, NULL, NULL, '2025-08-28 07:25:47', '2025-08-28 07:25:47'),
	(2, 2, 4, 2, 1, 0, NULL, NULL, NULL, NULL, '2025-08-28 07:25:47', '2025-08-28 07:25:47'),
	(3, 2, 5, 3, 1, 0, NULL, NULL, NULL, NULL, '2025-08-28 07:25:47', '2025-08-28 07:25:47'),
	(4, 2, 6, 4, 1, 0, NULL, NULL, NULL, NULL, '2025-08-28 07:25:47', '2025-08-28 07:25:47'),
	(5, 2, 7, 6, 1, 0, NULL, NULL, NULL, NULL, '2025-08-28 07:25:47', '2025-08-28 07:25:47'),
	(6, 2, 8, 5, 1, 0, NULL, NULL, NULL, NULL, '2025-08-28 07:25:47', '2025-08-28 07:25:47'),
	(8, 25, NULL, 1, 0, 1, NULL, NULL, NULL, '2025-08-28 04:07:20', '2025-08-28 04:07:20', NULL),
	(9, 25, NULL, 2, 0, 1, NULL, NULL, NULL, '2025-08-28 04:07:20', '2025-08-28 04:07:20', NULL),
	(10, 25, NULL, 3, 0, 1, NULL, NULL, NULL, '2025-08-28 04:07:20', '2025-08-28 04:07:20', NULL),
	(11, 25, NULL, 4, 0, 1, NULL, NULL, NULL, '2025-08-28 04:07:20', '2025-08-28 04:07:20', NULL),
	(12, 25, NULL, 5, 0, 1, NULL, NULL, NULL, '2025-08-28 04:07:20', '2025-08-28 04:07:20', NULL),
	(13, 25, NULL, 6, 0, 1, NULL, NULL, NULL, '2025-08-28 04:07:20', '2025-08-28 04:07:20', NULL),
	(17, 2, NULL, 1, 0, 1, NULL, NULL, NULL, '2025-08-28 07:25:47', '2025-08-28 07:44:23', '2025-08-28 07:44:23'),
	(18, 2, NULL, 7, 0, 1, NULL, NULL, NULL, '2025-08-28 07:25:47', '2025-08-28 07:44:23', '2025-08-28 07:44:23'),
	(19, 2, NULL, 12, 0, 1, NULL, NULL, NULL, '2025-08-28 07:25:47', '2025-08-28 07:44:23', '2025-08-28 07:44:23'),
	(20, 2, NULL, 17, 0, 1, NULL, NULL, NULL, '2025-08-28 07:25:47', '2025-08-28 07:44:23', '2025-08-28 07:44:23'),
	(21, 2, NULL, 2, 0, 1, NULL, NULL, NULL, '2025-08-28 07:25:47', '2025-08-28 07:44:23', '2025-08-28 07:44:23'),
	(22, 2, NULL, 8, 0, 1, NULL, NULL, NULL, '2025-08-28 07:25:47', '2025-08-28 07:44:23', '2025-08-28 07:44:23'),
	(23, 2, NULL, 13, 0, 1, NULL, NULL, NULL, '2025-08-28 07:25:47', '2025-08-28 07:44:23', '2025-08-28 07:44:23'),
	(24, 2, NULL, 18, 0, 1, NULL, NULL, NULL, '2025-08-28 07:25:47', '2025-08-28 07:44:23', '2025-08-28 07:44:23'),
	(25, 2, NULL, 3, 0, 1, NULL, NULL, NULL, '2025-08-28 07:25:47', '2025-08-28 07:44:23', '2025-08-28 07:44:23'),
	(26, 2, NULL, 9, 0, 1, NULL, NULL, NULL, '2025-08-28 07:25:47', '2025-08-28 07:44:23', '2025-08-28 07:44:23'),
	(27, 2, NULL, 14, 0, 1, NULL, NULL, NULL, '2025-08-28 07:25:47', '2025-08-28 07:44:23', '2025-08-28 07:44:23'),
	(28, 2, NULL, 19, 0, 1, NULL, NULL, NULL, '2025-08-28 07:25:47', '2025-08-28 07:44:23', '2025-08-28 07:44:23'),
	(29, 2, NULL, 4, 0, 1, NULL, NULL, NULL, '2025-08-28 07:25:47', '2025-08-28 07:44:23', '2025-08-28 07:44:23'),
	(30, 2, NULL, 10, 0, 1, NULL, NULL, NULL, '2025-08-28 07:25:47', '2025-08-28 07:44:23', '2025-08-28 07:44:23'),
	(31, 2, NULL, 15, 0, 1, NULL, NULL, NULL, '2025-08-28 07:25:47', '2025-08-28 07:44:23', '2025-08-28 07:44:23'),
	(32, 2, NULL, 20, 0, 1, NULL, NULL, NULL, '2025-08-28 07:25:47', '2025-08-28 07:44:23', '2025-08-28 07:44:23'),
	(33, 2, NULL, 22, 0, 1, NULL, NULL, NULL, '2025-08-28 07:25:47', '2025-08-28 07:44:23', '2025-08-28 07:44:23'),
	(34, 2, NULL, 23, 0, 1, NULL, NULL, NULL, '2025-08-28 07:25:47', '2025-08-28 07:44:23', '2025-08-28 07:44:23'),
	(35, 2, NULL, 5, 0, 1, NULL, NULL, NULL, '2025-08-28 07:25:47', '2025-08-28 07:44:23', '2025-08-28 07:44:23'),
	(36, 2, NULL, 11, 0, 1, NULL, NULL, NULL, '2025-08-28 07:25:47', '2025-08-28 07:44:23', '2025-08-28 07:44:23'),
	(37, 2, NULL, 16, 0, 1, NULL, NULL, NULL, '2025-08-28 07:25:47', '2025-08-28 07:44:23', '2025-08-28 07:44:23'),
	(38, 2, NULL, 21, 0, 1, NULL, NULL, NULL, '2025-08-28 07:25:47', '2025-08-28 07:44:23', '2025-08-28 07:44:23'),
	(39, 2, NULL, 24, 0, 1, NULL, NULL, NULL, '2025-08-28 07:25:47', '2025-08-28 07:44:23', '2025-08-28 07:44:23'),
	(40, 2, NULL, 25, 0, 1, NULL, NULL, NULL, '2025-08-28 07:25:47', '2025-08-28 07:44:23', '2025-08-28 07:44:23'),
	(41, 2, NULL, 6, 0, 1, NULL, NULL, NULL, '2025-08-28 07:25:47', '2025-08-28 07:44:23', '2025-08-28 07:44:23'),
	(42, 2, NULL, 1, 0, 1, NULL, NULL, NULL, '2025-08-28 07:44:23', '2025-08-28 07:44:23', NULL),
	(43, 2, NULL, 7, 0, 1, NULL, NULL, NULL, '2025-08-28 07:44:23', '2025-08-28 07:44:23', NULL),
	(44, 2, NULL, 12, 0, 1, NULL, NULL, NULL, '2025-08-28 07:44:23', '2025-08-28 07:44:23', NULL),
	(45, 2, NULL, 17, 0, 1, NULL, NULL, NULL, '2025-08-28 07:44:23', '2025-08-28 07:44:23', NULL),
	(46, 2, NULL, 2, 0, 1, NULL, NULL, NULL, '2025-08-28 07:44:23', '2025-08-28 07:44:23', NULL),
	(47, 2, NULL, 8, 0, 1, NULL, NULL, NULL, '2025-08-28 07:44:23', '2025-08-28 07:44:23', NULL),
	(48, 2, NULL, 13, 0, 1, NULL, NULL, NULL, '2025-08-28 07:44:23', '2025-08-28 07:44:23', NULL),
	(49, 2, NULL, 18, 0, 1, NULL, NULL, NULL, '2025-08-28 07:44:23', '2025-08-28 07:44:23', NULL),
	(50, 2, NULL, 3, 0, 1, NULL, NULL, NULL, '2025-08-28 07:44:23', '2025-08-28 07:44:23', NULL),
	(51, 2, NULL, 9, 0, 1, NULL, NULL, NULL, '2025-08-28 07:44:23', '2025-08-28 07:44:23', NULL),
	(52, 2, NULL, 14, 0, 1, NULL, NULL, NULL, '2025-08-28 07:44:23', '2025-08-28 07:44:23', NULL),
	(53, 2, NULL, 19, 0, 1, NULL, NULL, NULL, '2025-08-28 07:44:23', '2025-08-28 07:44:23', NULL),
	(54, 2, NULL, 4, 0, 1, NULL, NULL, NULL, '2025-08-28 07:44:23', '2025-08-28 07:44:23', NULL),
	(55, 2, NULL, 10, 0, 1, NULL, NULL, NULL, '2025-08-28 07:44:23', '2025-08-28 07:44:23', NULL),
	(56, 2, NULL, 15, 0, 1, NULL, NULL, NULL, '2025-08-28 07:44:23', '2025-08-28 07:44:23', NULL),
	(57, 2, NULL, 20, 0, 1, NULL, NULL, NULL, '2025-08-28 07:44:23', '2025-08-28 07:44:23', NULL),
	(58, 2, NULL, 22, 0, 1, NULL, NULL, NULL, '2025-08-28 07:44:23', '2025-08-28 07:44:23', NULL),
	(59, 2, NULL, 23, 0, 1, NULL, NULL, NULL, '2025-08-28 07:44:23', '2025-08-28 07:44:23', NULL),
	(60, 2, NULL, 5, 0, 1, NULL, NULL, NULL, '2025-08-28 07:44:23', '2025-08-28 07:44:23', NULL),
	(61, 2, NULL, 11, 0, 1, NULL, NULL, NULL, '2025-08-28 07:44:23', '2025-08-28 07:44:23', NULL),
	(62, 2, NULL, 16, 0, 1, NULL, NULL, NULL, '2025-08-28 07:44:23', '2025-08-28 07:44:23', NULL),
	(63, 2, NULL, 21, 0, 1, NULL, NULL, NULL, '2025-08-28 07:44:23', '2025-08-28 07:44:23', NULL),
	(64, 2, NULL, 24, 0, 1, NULL, NULL, NULL, '2025-08-28 07:44:23', '2025-08-28 07:44:23', NULL),
	(65, 2, NULL, 25, 0, 1, NULL, NULL, NULL, '2025-08-28 07:44:23', '2025-08-28 07:44:23', NULL),
	(66, 2, NULL, 6, 0, 1, NULL, NULL, NULL, '2025-08-28 07:44:23', '2025-08-28 07:44:23', NULL);

-- Dumping structure for table simpeg_local.sessions
CREATE TABLE IF NOT EXISTS `sessions` (
  `id` varchar(255) COLLATE utf8mb4_unicode_ci NOT NULL,
  `user_id` bigint unsigned DEFAULT NULL,
  `ip_address` varchar(45) COLLATE utf8mb4_unicode_ci DEFAULT NULL,
  `user_agent` text COLLATE utf8mb4_unicode_ci,
  `payload` longtext COLLATE utf8mb4_unicode_ci NOT NULL,
  `last_activity` int NOT NULL,
  PRIMARY KEY (`id`),
  KEY `sessions_user_id_index` (`user_id`),
  KEY `sessions_last_activity_index` (`last_activity`)
) ENGINE=InnoDB DEFAULT CHARSET=utf8mb4 COLLATE=utf8mb4_unicode_ci;

-- Dumping data for table simpeg_local.sessions: ~4 rows (approximately)
DELETE FROM `sessions`;
INSERT INTO `sessions` (`id`, `user_id`, `ip_address`, `user_agent`, `payload`, `last_activity`) VALUES
	('gifs7Ngzc2QbFUuchhOc8BQqqKCVWKc41nyd6HDj', NULL, '127.0.0.1', 'Mozilla/5.0 (Windows NT 10.0; Win64; x64) AppleWebKit/537.36 (KHTML, like Gecko) Chrome/140.0.0.0 Safari/537.36', 'YTo1OntzOjE1OiJyb2xlX3Blcm1pc3Npb24iO2E6MTp7aToxO2E6NDp7czo0OiJuYW1lIjtzOjk6IkFrdGl2aXRhcyI7czoxMjoiZGlzcGxheV90eXBlIjtzOjEyOiJkaXZpZGVyLXRleHQiO3M6NDoiaWNvbiI7TjtzOjg6ImNoaWxkcmVuIjthOjE6e2k6MDthOjY6e3M6NDoibmFtZSI7czo5OiJTdGF0aXN0aWsiO3M6MTI6ImRpc3BsYXlfdHlwZSI7TjtzOjQ6Imljb24iO3M6MTc6ImNhbmRsZXN0aWNrLWNoYXJ0IjtzOjQ6InNsdWciO3M6MTE6Ii9zdGF0aXN0aWNzIjtzOjY6InBlcm1pdCI7YToxOntpOjA7YTo2OntzOjI6ImlkIjtpOjE7czo3OiJtZW51X2lkIjtpOjY7czo0OiJuYW1lIjtzOjQ6Imxpc3QiO3M6NDoic2x1ZyI7czoxMToiL3N0YXRpc3RpY3MiO3M6NToibGFiZWwiO3M6MTE6IkRhZnRhciBEYXRhIjtzOjEwOiJpc19lbmFibGVkIjtiOjE7fX1zOjg6ImNoaWxkcmVuIjthOjA6e319fX19czo2OiJfdG9rZW4iO3M6NDA6ImJhVVViVGplMjByTjZEV1hLYVVlNmY1c2g4NmpjRDhkMlJvb3F2bnYiO3M6OToiX3ByZXZpb3VzIjthOjE6e3M6MzoidXJsIjtzOjI3OiJodHRwOi8vMTI3LjAuMC4xOjgwMDAvbG9naW4iO31zOjY6Il9mbGFzaCI7YToyOntzOjM6Im9sZCI7YTowOnt9czozOiJuZXciO2E6MDp7fX1zOjM6InVybCI7YToxOntzOjg6ImludGVuZGVkIjtzOjMxOiJodHRwOi8vMTI3LjAuMC4xOjgwMDAvc3RhdGlzdGljIjt9fQ==', 1758509511),
	('KLzsnZpbr05Y084Anmrv6gbPnBatmiy4kMFRQ7GU', 1, '127.0.0.1', 'Mozilla/5.0 (Windows NT 10.0; Win64; x64) AppleWebKit/537.36 (KHTML, like Gecko) Chrome/140.0.0.0 Safari/537.36', 'YTo2OntzOjE1OiJyb2xlX3Blcm1pc3Npb24iO2E6Mjp7aToxO2E6NDp7czo0OiJuYW1lIjtzOjExOiJPcGVyYXNpb25hbCI7czoxMjoiZGlzcGxheV90eXBlIjtzOjEyOiJkaXZpZGVyLXRleHQiO3M6NDoiaWNvbiI7TjtzOjg6ImNoaWxkcmVuIjthOjM6e2k6MDthOjY6e3M6NDoibmFtZSI7czo5OiJTdGF0aXN0aWsiO3M6MTI6ImRpc3BsYXlfdHlwZSI7TjtzOjQ6Imljb24iO3M6MTc6ImNhbmRsZXN0aWNrLWNoYXJ0IjtzOjQ6InNsdWciO3M6MTA6Ii9zdGF0aXN0aWMiO3M6NjoicGVybWl0IjthOjY6e2k6MDthOjEyOntzOjI6ImlkIjtpOjQ7czo3OiJtZW51X2lkIjtpOjY7czo0OiJuYW1lIjtzOjk6InJlYWQtbGlzdCI7czo0OiJzbHVnIjtzOjEwOiIvc3RhdGlzdGljIjtzOjU6ImxhYmVsIjtzOjExOiJEYWZ0YXIgRGF0YSI7czoxMDoiaXNfZW5hYmxlZCI7aToxO3M6MTA6ImNyZWF0ZWRfYnkiO047czoxMDoidXBkYXRlZF9ieSI7TjtzOjEwOiJkZWxldGVkX2J5IjtOO3M6MTA6ImNyZWF0ZWRfYXQiO047czoxMDoidXBkYXRlZF9hdCI7TjtzOjEwOiJkZWxldGVkX2F0IjtOO31pOjE7YToxMjp7czoyOiJpZCI7aToxMDtzOjc6Im1lbnVfaWQiO2k6NjtzOjQ6Im5hbWUiO3M6MzoiYWRkIjtzOjQ6InNsdWciO3M6MTA6Ii9zdGF0aXN0aWMiO3M6NToibGFiZWwiO3M6NjoiVGFtYmFoIjtzOjEwOiJpc19lbmFibGVkIjtpOjE7czoxMDoiY3JlYXRlZF9ieSI7TjtzOjEwOiJ1cGRhdGVkX2J5IjtOO3M6MTA6ImRlbGV0ZWRfYnkiO047czoxMDoiY3JlYXRlZF9hdCI7TjtzOjEwOiJ1cGRhdGVkX2F0IjtOO3M6MTA6ImRlbGV0ZWRfYXQiO047fWk6MjthOjEyOntzOjI6ImlkIjtpOjE1O3M6NzoibWVudV9pZCI7aTo2O3M6NDoibmFtZSI7czo0OiJlZGl0IjtzOjQ6InNsdWciO3M6MTA6Ii9zdGF0aXN0aWMiO3M6NToibGFiZWwiO3M6NDoiRWRpdCI7czoxMDoiaXNfZW5hYmxlZCI7aToxO3M6MTA6ImNyZWF0ZWRfYnkiO047czoxMDoidXBkYXRlZF9ieSI7TjtzOjEwOiJkZWxldGVkX2J5IjtOO3M6MTA6ImNyZWF0ZWRfYXQiO047czoxMDoidXBkYXRlZF9hdCI7TjtzOjEwOiJkZWxldGVkX2F0IjtOO31pOjM7YToxMjp7czoyOiJpZCI7aToyMDtzOjc6Im1lbnVfaWQiO2k6NjtzOjQ6Im5hbWUiO3M6NjoiZGVsZXRlIjtzOjQ6InNsdWciO3M6MTA6Ii9zdGF0aXN0aWMiO3M6NToibGFiZWwiO3M6NToiSGFwdXMiO3M6MTA6ImlzX2VuYWJsZWQiO2k6MTtzOjEwOiJjcmVhdGVkX2J5IjtOO3M6MTA6InVwZGF0ZWRfYnkiO047czoxMDoiZGVsZXRlZF9ieSI7TjtzOjEwOiJjcmVhdGVkX2F0IjtOO3M6MTA6InVwZGF0ZWRfYXQiO047czoxMDoiZGVsZXRlZF9hdCI7Tjt9aTo0O2E6MTI6e3M6MjoiaWQiO2k6MjI7czo3OiJtZW51X2lkIjtpOjY7czo0OiJuYW1lIjtzOjEwOiJleHBvcnRfY3N2IjtzOjQ6InNsdWciO3M6MTA6Ii9zdGF0aXN0aWMiO3M6NToibGFiZWwiO3M6MTA6IkVrc3BvciBDU1YiO3M6MTA6ImlzX2VuYWJsZWQiO2k6MTtzOjEwOiJjcmVhdGVkX2J5IjtOO3M6MTA6InVwZGF0ZWRfYnkiO047czoxMDoiZGVsZXRlZF9ieSI7TjtzOjEwOiJjcmVhdGVkX2F0IjtOO3M6MTA6InVwZGF0ZWRfYXQiO047czoxMDoiZGVsZXRlZF9hdCI7Tjt9aTo1O2E6MTI6e3M6MjoiaWQiO2k6MjM7czo3OiJtZW51X2lkIjtpOjY7czo0OiJuYW1lIjtzOjEwOiJleHBvcnRfcGRmIjtzOjQ6InNsdWciO3M6MTA6Ii9zdGF0aXN0aWMiO3M6NToibGFiZWwiO3M6MTA6IkVrc3BvciBQREYiO3M6MTA6ImlzX2VuYWJsZWQiO2k6MTtzOjEwOiJjcmVhdGVkX2J5IjtOO3M6MTA6InVwZGF0ZWRfYnkiO047czoxMDoiZGVsZXRlZF9ieSI7TjtzOjEwOiJjcmVhdGVkX2F0IjtOO3M6MTA6InVwZGF0ZWRfYXQiO047czoxMDoiZGVsZXRlZF9hdCI7Tjt9fXM6ODoiY2hpbGRyZW4iO2E6MDp7fX1pOjE7YTo2OntzOjQ6Im5hbWUiO3M6MTY6IkRhdGEgS2VwZWdhd2FpYW4iO3M6MTI6ImRpc3BsYXlfdHlwZSI7TjtzOjQ6Imljb24iO3M6MTA6ImJ1aWxkaW5nLTIiO3M6NDoic2x1ZyI7czo5OiIvZW1wbG95ZWUiO3M6NjoicGVybWl0IjthOjY6e2k6MDthOjEyOntzOjI6ImlkIjtpOjU7czo3OiJtZW51X2lkIjtpOjc7czo0OiJuYW1lIjtzOjk6InJlYWQtbGlzdCI7czo0OiJzbHVnIjtzOjk6Ii9lbXBsb3llZSI7czo1OiJsYWJlbCI7czoxMToiRGFmdGFyIERhdGEiO3M6MTA6ImlzX2VuYWJsZWQiO2k6MTtzOjEwOiJjcmVhdGVkX2J5IjtOO3M6MTA6InVwZGF0ZWRfYnkiO047czoxMDoiZGVsZXRlZF9ieSI7TjtzOjEwOiJjcmVhdGVkX2F0IjtOO3M6MTA6InVwZGF0ZWRfYXQiO047czoxMDoiZGVsZXRlZF9hdCI7Tjt9aToxO2E6MTI6e3M6MjoiaWQiO2k6MTE7czo3OiJtZW51X2lkIjtpOjc7czo0OiJuYW1lIjtzOjM6ImFkZCI7czo0OiJzbHVnIjtzOjk6Ii9lbXBsb3llZSI7czo1OiJsYWJlbCI7czo2OiJUYW1iYWgiO3M6MTA6ImlzX2VuYWJsZWQiO2k6MTtzOjEwOiJjcmVhdGVkX2J5IjtOO3M6MTA6InVwZGF0ZWRfYnkiO047czoxMDoiZGVsZXRlZF9ieSI7TjtzOjEwOiJjcmVhdGVkX2F0IjtOO3M6MTA6InVwZGF0ZWRfYXQiO047czoxMDoiZGVsZXRlZF9hdCI7Tjt9aToyO2E6MTI6e3M6MjoiaWQiO2k6MTY7czo3OiJtZW51X2lkIjtpOjc7czo0OiJuYW1lIjtzOjQ6ImVkaXQiO3M6NDoic2x1ZyI7czo5OiIvZW1wbG95ZWUiO3M6NToibGFiZWwiO3M6NDoiRWRpdCI7czoxMDoiaXNfZW5hYmxlZCI7aToxO3M6MTA6ImNyZWF0ZWRfYnkiO047czoxMDoidXBkYXRlZF9ieSI7TjtzOjEwOiJkZWxldGVkX2J5IjtOO3M6MTA6ImNyZWF0ZWRfYXQiO047czoxMDoidXBkYXRlZF9hdCI7TjtzOjEwOiJkZWxldGVkX2F0IjtOO31pOjM7YToxMjp7czoyOiJpZCI7aToyMTtzOjc6Im1lbnVfaWQiO2k6NztzOjQ6Im5hbWUiO3M6NjoiZGVsZXRlIjtzOjQ6InNsdWciO3M6OToiL2VtcGxveWVlIjtzOjU6ImxhYmVsIjtzOjU6IkhhcHVzIjtzOjEwOiJpc19lbmFibGVkIjtpOjE7czoxMDoiY3JlYXRlZF9ieSI7TjtzOjEwOiJ1cGRhdGVkX2J5IjtOO3M6MTA6ImRlbGV0ZWRfYnkiO047czoxMDoiY3JlYXRlZF9hdCI7TjtzOjEwOiJ1cGRhdGVkX2F0IjtOO3M6MTA6ImRlbGV0ZWRfYXQiO047fWk6NDthOjEyOntzOjI6ImlkIjtpOjI0O3M6NzoibWVudV9pZCI7aTo3O3M6NDoibmFtZSI7czoxMDoiZXhwb3J0X2NzdiI7czo0OiJzbHVnIjtzOjk6Ii9lbXBsb3llZSI7czo1OiJsYWJlbCI7czoxMDoiRWtzcG9yIENTViI7czoxMDoiaXNfZW5hYmxlZCI7aToxO3M6MTA6ImNyZWF0ZWRfYnkiO047czoxMDoidXBkYXRlZF9ieSI7TjtzOjEwOiJkZWxldGVkX2J5IjtOO3M6MTA6ImNyZWF0ZWRfYXQiO047czoxMDoidXBkYXRlZF9hdCI7TjtzOjEwOiJkZWxldGVkX2F0IjtOO31pOjU7YToxMjp7czoyOiJpZCI7aToyNTtzOjc6Im1lbnVfaWQiO2k6NztzOjQ6Im5hbWUiO3M6MTA6ImV4cG9ydF9wZGYiO3M6NDoic2x1ZyI7czo5OiIvZW1wbG95ZWUiO3M6NToibGFiZWwiO3M6MTA6IkVrc3BvciBQREYiO3M6MTA6ImlzX2VuYWJsZWQiO2k6MTtzOjEwOiJjcmVhdGVkX2J5IjtOO3M6MTA6InVwZGF0ZWRfYnkiO047czoxMDoiZGVsZXRlZF9ieSI7TjtzOjEwOiJjcmVhdGVkX2F0IjtOO3M6MTA6InVwZGF0ZWRfYXQiO047czoxMDoiZGVsZXRlZF9hdCI7Tjt9fXM6ODoiY2hpbGRyZW4iO2E6MDp7fX1pOjI7YTo2OntzOjQ6Im5hbWUiO3M6NzoiTG9nIEFwcCI7czoxMjoiZGlzcGxheV90eXBlIjtOO3M6NDoiaWNvbiI7czoxMDoiZmlsZS1jbG9jayI7czo0OiJzbHVnIjtzOjQ6Ii9sb2ciO3M6NjoicGVybWl0IjthOjE6e2k6MDthOjEyOntzOjI6ImlkIjtpOjY7czo3OiJtZW51X2lkIjtpOjg7czo0OiJuYW1lIjtzOjk6InJlYWQtbGlzdCI7czo0OiJzbHVnIjtzOjQ6Ii9sb2ciO3M6NToibGFiZWwiO3M6MTE6IkRhZnRhciBEYXRhIjtzOjEwOiJpc19lbmFibGVkIjtpOjE7czoxMDoiY3JlYXRlZF9ieSI7TjtzOjEwOiJ1cGRhdGVkX2J5IjtOO3M6MTA6ImRlbGV0ZWRfYnkiO047czoxMDoiY3JlYXRlZF9hdCI7TjtzOjEwOiJ1cGRhdGVkX2F0IjtOO3M6MTA6ImRlbGV0ZWRfYXQiO047fX1zOjg6ImNoaWxkcmVuIjthOjA6e319fX1pOjI7YTo0OntzOjQ6Im5hbWUiO3M6MTA6IlBlbmdhdHVyYW4iO3M6MTI6ImRpc3BsYXlfdHlwZSI7czoxMjoiZGl2aWRlci10ZXh0IjtzOjQ6Imljb24iO3M6MDoiIjtzOjg6ImNoaWxkcmVuIjthOjM6e2k6MDthOjY6e3M6NDoibmFtZSI7czoxMjoiS2Vsb2xhIEFrc2VzIjtzOjEyOiJkaXNwbGF5X3R5cGUiO3M6MDoiIjtzOjQ6Imljb24iO3M6OToic2Nhbi1mYWNlIjtzOjQ6InNsdWciO3M6NToiL3JvbGUiO3M6NjoicGVybWl0IjthOjQ6e2k6MDthOjEyOntzOjI6ImlkIjtpOjE7czo3OiJtZW51X2lkIjtpOjM7czo0OiJuYW1lIjtzOjk6InJlYWQtbGlzdCI7czo0OiJzbHVnIjtzOjU6Ii9yb2xlIjtzOjU6ImxhYmVsIjtzOjExOiJEYWZ0YXIgRGF0YSI7czoxMDoiaXNfZW5hYmxlZCI7aToxO3M6MTA6ImNyZWF0ZWRfYnkiO047czoxMDoidXBkYXRlZF9ieSI7TjtzOjEwOiJkZWxldGVkX2J5IjtOO3M6MTA6ImNyZWF0ZWRfYXQiO047czoxMDoidXBkYXRlZF9hdCI7TjtzOjEwOiJkZWxldGVkX2F0IjtOO31pOjE7YToxMjp7czoyOiJpZCI7aTo3O3M6NzoibWVudV9pZCI7aTozO3M6NDoibmFtZSI7czozOiJhZGQiO3M6NDoic2x1ZyI7czo1OiIvcm9sZSI7czo1OiJsYWJlbCI7czo2OiJUYW1iYWgiO3M6MTA6ImlzX2VuYWJsZWQiO2k6MTtzOjEwOiJjcmVhdGVkX2J5IjtOO3M6MTA6InVwZGF0ZWRfYnkiO047czoxMDoiZGVsZXRlZF9ieSI7TjtzOjEwOiJjcmVhdGVkX2F0IjtOO3M6MTA6InVwZGF0ZWRfYXQiO047czoxMDoiZGVsZXRlZF9hdCI7Tjt9aToyO2E6MTI6e3M6MjoiaWQiO2k6MTI7czo3OiJtZW51X2lkIjtpOjM7czo0OiJuYW1lIjtzOjQ6ImVkaXQiO3M6NDoic2x1ZyI7czo1OiIvcm9sZSI7czo1OiJsYWJlbCI7czo0OiJFZGl0IjtzOjEwOiJpc19lbmFibGVkIjtpOjE7czoxMDoiY3JlYXRlZF9ieSI7TjtzOjEwOiJ1cGRhdGVkX2J5IjtOO3M6MTA6ImRlbGV0ZWRfYnkiO047czoxMDoiY3JlYXRlZF9hdCI7TjtzOjEwOiJ1cGRhdGVkX2F0IjtOO3M6MTA6ImRlbGV0ZWRfYXQiO047fWk6MzthOjEyOntzOjI6ImlkIjtpOjE3O3M6NzoibWVudV9pZCI7aTozO3M6NDoibmFtZSI7czo2OiJkZWxldGUiO3M6NDoic2x1ZyI7czo1OiIvcm9sZSI7czo1OiJsYWJlbCI7czo1OiJIYXB1cyI7czoxMDoiaXNfZW5hYmxlZCI7aToxO3M6MTA6ImNyZWF0ZWRfYnkiO047czoxMDoidXBkYXRlZF9ieSI7TjtzOjEwOiJkZWxldGVkX2J5IjtOO3M6MTA6ImNyZWF0ZWRfYXQiO047czoxMDoidXBkYXRlZF9hdCI7TjtzOjEwOiJkZWxldGVkX2F0IjtOO319czo4OiJjaGlsZHJlbiI7YTowOnt9fWk6MTthOjY6e3M6NDoibmFtZSI7czoxNDoiR3JvdXAgUGVuZ2d1bmEiO3M6MTI6ImRpc3BsYXlfdHlwZSI7TjtzOjQ6Imljb24iO3M6OToiY29tcG9uZW50IjtzOjQ6InNsdWciO3M6MTE6Ii91c2VyLWdyb3VwIjtzOjY6InBlcm1pdCI7YTo0OntpOjA7YToxMjp7czoyOiJpZCI7aToyO3M6NzoibWVudV9pZCI7aTo0O3M6NDoibmFtZSI7czo5OiJyZWFkLWxpc3QiO3M6NDoic2x1ZyI7czoxMToiL3VzZXItZ3JvdXAiO3M6NToibGFiZWwiO3M6MTE6IkRhZnRhciBEYXRhIjtzOjEwOiJpc19lbmFibGVkIjtpOjE7czoxMDoiY3JlYXRlZF9ieSI7TjtzOjEwOiJ1cGRhdGVkX2J5IjtOO3M6MTA6ImRlbGV0ZWRfYnkiO047czoxMDoiY3JlYXRlZF9hdCI7TjtzOjEwOiJ1cGRhdGVkX2F0IjtOO3M6MTA6ImRlbGV0ZWRfYXQiO047fWk6MTthOjEyOntzOjI6ImlkIjtpOjg7czo3OiJtZW51X2lkIjtpOjQ7czo0OiJuYW1lIjtzOjM6ImFkZCI7czo0OiJzbHVnIjtzOjExOiIvdXNlci1ncm91cCI7czo1OiJsYWJlbCI7czo2OiJUYW1iYWgiO3M6MTA6ImlzX2VuYWJsZWQiO2k6MTtzOjEwOiJjcmVhdGVkX2J5IjtOO3M6MTA6InVwZGF0ZWRfYnkiO047czoxMDoiZGVsZXRlZF9ieSI7TjtzOjEwOiJjcmVhdGVkX2F0IjtOO3M6MTA6InVwZGF0ZWRfYXQiO047czoxMDoiZGVsZXRlZF9hdCI7Tjt9aToyO2E6MTI6e3M6MjoiaWQiO2k6MTM7czo3OiJtZW51X2lkIjtpOjQ7czo0OiJuYW1lIjtzOjQ6ImVkaXQiO3M6NDoic2x1ZyI7czoxMToiL3VzZXItZ3JvdXAiO3M6NToibGFiZWwiO3M6NDoiRWRpdCI7czoxMDoiaXNfZW5hYmxlZCI7aToxO3M6MTA6ImNyZWF0ZWRfYnkiO047czoxMDoidXBkYXRlZF9ieSI7TjtzOjEwOiJkZWxldGVkX2J5IjtOO3M6MTA6ImNyZWF0ZWRfYXQiO047czoxMDoidXBkYXRlZF9hdCI7TjtzOjEwOiJkZWxldGVkX2F0IjtOO31pOjM7YToxMjp7czoyOiJpZCI7aToxODtzOjc6Im1lbnVfaWQiO2k6NDtzOjQ6Im5hbWUiO3M6NjoiZGVsZXRlIjtzOjQ6InNsdWciO3M6MTE6Ii91c2VyLWdyb3VwIjtzOjU6ImxhYmVsIjtzOjU6IkhhcHVzIjtzOjEwOiJpc19lbmFibGVkIjtpOjE7czoxMDoiY3JlYXRlZF9ieSI7TjtzOjEwOiJ1cGRhdGVkX2J5IjtOO3M6MTA6ImRlbGV0ZWRfYnkiO047czoxMDoiY3JlYXRlZF9hdCI7TjtzOjEwOiJ1cGRhdGVkX2F0IjtOO3M6MTA6ImRlbGV0ZWRfYXQiO047fX1zOjg6ImNoaWxkcmVuIjthOjA6e319aToyO2E6Njp7czo0OiJuYW1lIjtzOjg6IlBlbmdndW5hIjtzOjEyOiJkaXNwbGF5X3R5cGUiO047czo0OiJpY29uIjtzOjU6InNtaWxlIjtzOjQ6InNsdWciO3M6NToiL3VzZXIiO3M6NjoicGVybWl0IjthOjQ6e2k6MDthOjEyOntzOjI6ImlkIjtpOjM7czo3OiJtZW51X2lkIjtpOjU7czo0OiJuYW1lIjtzOjk6InJlYWQtbGlzdCI7czo0OiJzbHVnIjtzOjU6Ii91c2VyIjtzOjU6ImxhYmVsIjtzOjExOiJEYWZ0YXIgRGF0YSI7czoxMDoiaXNfZW5hYmxlZCI7aToxO3M6MTA6ImNyZWF0ZWRfYnkiO047czoxMDoidXBkYXRlZF9ieSI7TjtzOjEwOiJkZWxldGVkX2J5IjtOO3M6MTA6ImNyZWF0ZWRfYXQiO047czoxMDoidXBkYXRlZF9hdCI7TjtzOjEwOiJkZWxldGVkX2F0IjtOO31pOjE7YToxMjp7czoyOiJpZCI7aTo5O3M6NzoibWVudV9pZCI7aTo1O3M6NDoibmFtZSI7czozOiJhZGQiO3M6NDoic2x1ZyI7czo1OiIvdXNlciI7czo1OiJsYWJlbCI7czo2OiJUYW1iYWgiO3M6MTA6ImlzX2VuYWJsZWQiO2k6MTtzOjEwOiJjcmVhdGVkX2J5IjtOO3M6MTA6InVwZGF0ZWRfYnkiO047czoxMDoiZGVsZXRlZF9ieSI7TjtzOjEwOiJjcmVhdGVkX2F0IjtOO3M6MTA6InVwZGF0ZWRfYXQiO047czoxMDoiZGVsZXRlZF9hdCI7Tjt9aToyO2E6MTI6e3M6MjoiaWQiO2k6MTQ7czo3OiJtZW51X2lkIjtpOjU7czo0OiJuYW1lIjtzOjQ6ImVkaXQiO3M6NDoic2x1ZyI7czo1OiIvdXNlciI7czo1OiJsYWJlbCI7czo0OiJFZGl0IjtzOjEwOiJpc19lbmFibGVkIjtpOjE7czoxMDoiY3JlYXRlZF9ieSI7TjtzOjEwOiJ1cGRhdGVkX2J5IjtOO3M6MTA6ImRlbGV0ZWRfYnkiO047czoxMDoiY3JlYXRlZF9hdCI7TjtzOjEwOiJ1cGRhdGVkX2F0IjtOO3M6MTA6ImRlbGV0ZWRfYXQiO047fWk6MzthOjEyOntzOjI6ImlkIjtpOjE5O3M6NzoibWVudV9pZCI7aTo1O3M6NDoibmFtZSI7czo2OiJkZWxldGUiO3M6NDoic2x1ZyI7czo1OiIvdXNlciI7czo1OiJsYWJlbCI7czo1OiJIYXB1cyI7czoxMDoiaXNfZW5hYmxlZCI7aToxO3M6MTA6ImNyZWF0ZWRfYnkiO047czoxMDoidXBkYXRlZF9ieSI7TjtzOjEwOiJkZWxldGVkX2J5IjtOO3M6MTA6ImNyZWF0ZWRfYXQiO047czoxMDoidXBkYXRlZF9hdCI7TjtzOjEwOiJkZWxldGVkX2F0IjtOO319czo4OiJjaGlsZHJlbiI7YTowOnt9fX19fXM6NjoiX3Rva2VuIjtzOjQwOiJDU042dTJoUEU4YjczU1VwVHVYYTNCd2hhbFlDa2pzcDZhM3lESHRZIjtzOjk6Il9wcmV2aW91cyI7YToxOntzOjM6InVybCI7czozMToiaHR0cDovLzEyNy4wLjAuMTo4MDAwL3N0YXRpc3RpYyI7fXM6NjoiX2ZsYXNoIjthOjI6e3M6Mzoib2xkIjthOjA6e31zOjM6Im5ldyI7YTowOnt9fXM6NTA6ImxvZ2luX3dlYl81OWJhMzZhZGRjMmIyZjk0MDE1ODBmMDE0YzdmNThlYTRlMzA5ODlkIjtpOjE7czoxMDoiX3Rva2VuX2FwaSI7czoxMDI3OiJleUowZVhBaU9pSktWMVFpTENKaGJHY2lPaUpTVXpJMU5pSjkuZXlKaGRXUWlPaUl3TVRrM1lUQXhaaTA1WlRobExUY3pZVE10T1dSaFppMDVNelF4TTJVMU5tWmhaVGtpTENKcWRHa2lPaUl6TW1Rek1ESXpNbUZrTVdOaE16RTJaalkwTWpVMU9EVXlZMkUzWVdKaU5qSmxZalF5TURFNU16UXdZamcxWlRSak16VXhZemxqWldaa1lXUTRNMlZtTUdSaE1qYzJaV1l6WldGa1pERXhPU0lzSW1saGRDSTZNVGMxT0RJMk9EVTJNUzR5TVRZeE5ERXNJbTVpWmlJNk1UYzFPREkyT0RVMk1TNHlNVFl4TkRVc0ltVjRjQ0k2TVRjNE9UZ3dORFUyTUM0ME16VTFPVGNzSW5OMVlpSTZJakVpTENKelkyOXdaWE1pT2x0ZGZRLlBSNG91NTZIajFpUUlKdmZ2eDItU0ZQNnhvMGpzSFpkLUVzbk5ZZFRLVThRaVVhMTE5R3ktTUJoc0luckg5Um1lRWVZLXlWRmZBVnNGYldQOTRhVVppZE1XT1VuckdHUUZ2V3FPSTY0WHpiRVl2Q3VTbjZpRmhjV21nYi1GS0J3eVRDQmg5alpKNUNYR09SMkw4TXJfeUN5b09fNFI0WWJaTXRSdkdlRkZIWHRYR3hIaWlCbkI1aW9wN3BkQnBaT01lX3JjNk5jeHg0MjE4Vk9udXhQV05yOFBqLUk2cTVYaWJKU1B5elVkYVZLZE4tcl9lWmx0Sjh5bzZfREJTVGZZUkxPTnVac3pmVXZ3MG5ILXB2Zk9XTmpjTngxc0NydERCNjhTNUQ1bjRxWnQ2VGUtNTJKNmJQVHZqTFVacUR3MGR6WWVzZE9iSlZ3Ymh1MnpublYtQVNhV3FCS3VkWVR4T3FSY2ctV20xa1NBck5tSDBBaFZOQ2dMV0RNUUVseGlwb0NMLTlSU3o0MXA0bTBaMmVDTk04SHFTMVRSMncwaHlQdHltY2FMNG1LN3lOVjJLX0lNRnBHaXNMZXpYa1NlQ2hiVVdwMTRETEV2bDF5NHVFeE1TMGVTRUxuODB2Snlac2RZNnpBYndqVFRDbE9IRVhVSk10bU1RZ0JScGo5bnVPbnJQMzlvNWpsWEZ0MlVCSGREcTNuOWNuWlRmSlJCZEppeDRzUkJRNzVJTVdVNjNSbS04cGdOWmNocmQ3SGF3dXpuOUtTS3pMTEZXTUlCNERWcjFjQWVmY1BzTTlJeUF4SlhSbU1LMUNBMkV4U3RCR0Juem5Ya1hrWUtNZ3M0MTNUcVNBcW1oUzVERS1neHZyci14N3VhT0RfeTd3Rkw3SDl5LUY4OVV3Ijt9', 1758270313),
	('uQ7hbk1JsOvpgBMchMi8VAHvHpvBepj8soyQZjzv', 1, '127.0.0.1', 'Mozilla/5.0 (Windows NT 10.0; Win64; x64) AppleWebKit/537.36 (KHTML, like Gecko) Chrome/140.0.0.0 Safari/537.36', 'YTo3OntzOjE1OiJyb2xlX3Blcm1pc3Npb24iO2E6Mjp7aToxO2E6NDp7czo0OiJuYW1lIjtzOjExOiJPcGVyYXNpb25hbCI7czoxMjoiZGlzcGxheV90eXBlIjtzOjEyOiJkaXZpZGVyLXRleHQiO3M6NDoiaWNvbiI7TjtzOjg6ImNoaWxkcmVuIjthOjM6e2k6MDthOjY6e3M6NDoibmFtZSI7czo5OiJTdGF0aXN0aWsiO3M6MTI6ImRpc3BsYXlfdHlwZSI7TjtzOjQ6Imljb24iO3M6MTc6ImNhbmRsZXN0aWNrLWNoYXJ0IjtzOjQ6InNsdWciO3M6MTA6Ii9zdGF0aXN0aWMiO3M6NjoicGVybWl0IjthOjY6e2k6MDthOjEyOntzOjI6ImlkIjtpOjQ7czo3OiJtZW51X2lkIjtpOjY7czo0OiJuYW1lIjtzOjk6InJlYWQtbGlzdCI7czo0OiJzbHVnIjtzOjEwOiIvc3RhdGlzdGljIjtzOjU6ImxhYmVsIjtzOjExOiJEYWZ0YXIgRGF0YSI7czoxMDoiaXNfZW5hYmxlZCI7aToxO3M6MTA6ImNyZWF0ZWRfYnkiO047czoxMDoidXBkYXRlZF9ieSI7TjtzOjEwOiJkZWxldGVkX2J5IjtOO3M6MTA6ImNyZWF0ZWRfYXQiO047czoxMDoidXBkYXRlZF9hdCI7TjtzOjEwOiJkZWxldGVkX2F0IjtOO31pOjE7YToxMjp7czoyOiJpZCI7aToxMDtzOjc6Im1lbnVfaWQiO2k6NjtzOjQ6Im5hbWUiO3M6MzoiYWRkIjtzOjQ6InNsdWciO3M6MTA6Ii9zdGF0aXN0aWMiO3M6NToibGFiZWwiO3M6NjoiVGFtYmFoIjtzOjEwOiJpc19lbmFibGVkIjtpOjE7czoxMDoiY3JlYXRlZF9ieSI7TjtzOjEwOiJ1cGRhdGVkX2J5IjtOO3M6MTA6ImRlbGV0ZWRfYnkiO047czoxMDoiY3JlYXRlZF9hdCI7TjtzOjEwOiJ1cGRhdGVkX2F0IjtOO3M6MTA6ImRlbGV0ZWRfYXQiO047fWk6MjthOjEyOntzOjI6ImlkIjtpOjE1O3M6NzoibWVudV9pZCI7aTo2O3M6NDoibmFtZSI7czo0OiJlZGl0IjtzOjQ6InNsdWciO3M6MTA6Ii9zdGF0aXN0aWMiO3M6NToibGFiZWwiO3M6NDoiRWRpdCI7czoxMDoiaXNfZW5hYmxlZCI7aToxO3M6MTA6ImNyZWF0ZWRfYnkiO047czoxMDoidXBkYXRlZF9ieSI7TjtzOjEwOiJkZWxldGVkX2J5IjtOO3M6MTA6ImNyZWF0ZWRfYXQiO047czoxMDoidXBkYXRlZF9hdCI7TjtzOjEwOiJkZWxldGVkX2F0IjtOO31pOjM7YToxMjp7czoyOiJpZCI7aToyMDtzOjc6Im1lbnVfaWQiO2k6NjtzOjQ6Im5hbWUiO3M6NjoiZGVsZXRlIjtzOjQ6InNsdWciO3M6MTA6Ii9zdGF0aXN0aWMiO3M6NToibGFiZWwiO3M6NToiSGFwdXMiO3M6MTA6ImlzX2VuYWJsZWQiO2k6MTtzOjEwOiJjcmVhdGVkX2J5IjtOO3M6MTA6InVwZGF0ZWRfYnkiO047czoxMDoiZGVsZXRlZF9ieSI7TjtzOjEwOiJjcmVhdGVkX2F0IjtOO3M6MTA6InVwZGF0ZWRfYXQiO047czoxMDoiZGVsZXRlZF9hdCI7Tjt9aTo0O2E6MTI6e3M6MjoiaWQiO2k6MjI7czo3OiJtZW51X2lkIjtpOjY7czo0OiJuYW1lIjtzOjEwOiJleHBvcnRfY3N2IjtzOjQ6InNsdWciO3M6MTA6Ii9zdGF0aXN0aWMiO3M6NToibGFiZWwiO3M6MTA6IkVrc3BvciBDU1YiO3M6MTA6ImlzX2VuYWJsZWQiO2k6MTtzOjEwOiJjcmVhdGVkX2J5IjtOO3M6MTA6InVwZGF0ZWRfYnkiO047czoxMDoiZGVsZXRlZF9ieSI7TjtzOjEwOiJjcmVhdGVkX2F0IjtOO3M6MTA6InVwZGF0ZWRfYXQiO047czoxMDoiZGVsZXRlZF9hdCI7Tjt9aTo1O2E6MTI6e3M6MjoiaWQiO2k6MjM7czo3OiJtZW51X2lkIjtpOjY7czo0OiJuYW1lIjtzOjEwOiJleHBvcnRfcGRmIjtzOjQ6InNsdWciO3M6MTA6Ii9zdGF0aXN0aWMiO3M6NToibGFiZWwiO3M6MTA6IkVrc3BvciBQREYiO3M6MTA6ImlzX2VuYWJsZWQiO2k6MTtzOjEwOiJjcmVhdGVkX2J5IjtOO3M6MTA6InVwZGF0ZWRfYnkiO047czoxMDoiZGVsZXRlZF9ieSI7TjtzOjEwOiJjcmVhdGVkX2F0IjtOO3M6MTA6InVwZGF0ZWRfYXQiO047czoxMDoiZGVsZXRlZF9hdCI7Tjt9fXM6ODoiY2hpbGRyZW4iO2E6MDp7fX1pOjE7YTo2OntzOjQ6Im5hbWUiO3M6MTY6IkRhdGEgS2VwZWdhd2FpYW4iO3M6MTI6ImRpc3BsYXlfdHlwZSI7TjtzOjQ6Imljb24iO3M6MTA6ImJ1aWxkaW5nLTIiO3M6NDoic2x1ZyI7czo5OiIvZW1wbG95ZWUiO3M6NjoicGVybWl0IjthOjY6e2k6MDthOjEyOntzOjI6ImlkIjtpOjU7czo3OiJtZW51X2lkIjtpOjc7czo0OiJuYW1lIjtzOjk6InJlYWQtbGlzdCI7czo0OiJzbHVnIjtzOjk6Ii9lbXBsb3llZSI7czo1OiJsYWJlbCI7czoxMToiRGFmdGFyIERhdGEiO3M6MTA6ImlzX2VuYWJsZWQiO2k6MTtzOjEwOiJjcmVhdGVkX2J5IjtOO3M6MTA6InVwZGF0ZWRfYnkiO047czoxMDoiZGVsZXRlZF9ieSI7TjtzOjEwOiJjcmVhdGVkX2F0IjtOO3M6MTA6InVwZGF0ZWRfYXQiO047czoxMDoiZGVsZXRlZF9hdCI7Tjt9aToxO2E6MTI6e3M6MjoiaWQiO2k6MTE7czo3OiJtZW51X2lkIjtpOjc7czo0OiJuYW1lIjtzOjM6ImFkZCI7czo0OiJzbHVnIjtzOjk6Ii9lbXBsb3llZSI7czo1OiJsYWJlbCI7czo2OiJUYW1iYWgiO3M6MTA6ImlzX2VuYWJsZWQiO2k6MTtzOjEwOiJjcmVhdGVkX2J5IjtOO3M6MTA6InVwZGF0ZWRfYnkiO047czoxMDoiZGVsZXRlZF9ieSI7TjtzOjEwOiJjcmVhdGVkX2F0IjtOO3M6MTA6InVwZGF0ZWRfYXQiO047czoxMDoiZGVsZXRlZF9hdCI7Tjt9aToyO2E6MTI6e3M6MjoiaWQiO2k6MTY7czo3OiJtZW51X2lkIjtpOjc7czo0OiJuYW1lIjtzOjQ6ImVkaXQiO3M6NDoic2x1ZyI7czo5OiIvZW1wbG95ZWUiO3M6NToibGFiZWwiO3M6NDoiRWRpdCI7czoxMDoiaXNfZW5hYmxlZCI7aToxO3M6MTA6ImNyZWF0ZWRfYnkiO047czoxMDoidXBkYXRlZF9ieSI7TjtzOjEwOiJkZWxldGVkX2J5IjtOO3M6MTA6ImNyZWF0ZWRfYXQiO047czoxMDoidXBkYXRlZF9hdCI7TjtzOjEwOiJkZWxldGVkX2F0IjtOO31pOjM7YToxMjp7czoyOiJpZCI7aToyMTtzOjc6Im1lbnVfaWQiO2k6NztzOjQ6Im5hbWUiO3M6NjoiZGVsZXRlIjtzOjQ6InNsdWciO3M6OToiL2VtcGxveWVlIjtzOjU6ImxhYmVsIjtzOjU6IkhhcHVzIjtzOjEwOiJpc19lbmFibGVkIjtpOjE7czoxMDoiY3JlYXRlZF9ieSI7TjtzOjEwOiJ1cGRhdGVkX2J5IjtOO3M6MTA6ImRlbGV0ZWRfYnkiO047czoxMDoiY3JlYXRlZF9hdCI7TjtzOjEwOiJ1cGRhdGVkX2F0IjtOO3M6MTA6ImRlbGV0ZWRfYXQiO047fWk6NDthOjEyOntzOjI6ImlkIjtpOjI0O3M6NzoibWVudV9pZCI7aTo3O3M6NDoibmFtZSI7czoxMDoiZXhwb3J0X2NzdiI7czo0OiJzbHVnIjtzOjk6Ii9lbXBsb3llZSI7czo1OiJsYWJlbCI7czoxMDoiRWtzcG9yIENTViI7czoxMDoiaXNfZW5hYmxlZCI7aToxO3M6MTA6ImNyZWF0ZWRfYnkiO047czoxMDoidXBkYXRlZF9ieSI7TjtzOjEwOiJkZWxldGVkX2J5IjtOO3M6MTA6ImNyZWF0ZWRfYXQiO047czoxMDoidXBkYXRlZF9hdCI7TjtzOjEwOiJkZWxldGVkX2F0IjtOO31pOjU7YToxMjp7czoyOiJpZCI7aToyNTtzOjc6Im1lbnVfaWQiO2k6NztzOjQ6Im5hbWUiO3M6MTA6ImV4cG9ydF9wZGYiO3M6NDoic2x1ZyI7czo5OiIvZW1wbG95ZWUiO3M6NToibGFiZWwiO3M6MTA6IkVrc3BvciBQREYiO3M6MTA6ImlzX2VuYWJsZWQiO2k6MTtzOjEwOiJjcmVhdGVkX2J5IjtOO3M6MTA6InVwZGF0ZWRfYnkiO047czoxMDoiZGVsZXRlZF9ieSI7TjtzOjEwOiJjcmVhdGVkX2F0IjtOO3M6MTA6InVwZGF0ZWRfYXQiO047czoxMDoiZGVsZXRlZF9hdCI7Tjt9fXM6ODoiY2hpbGRyZW4iO2E6MDp7fX1pOjI7YTo2OntzOjQ6Im5hbWUiO3M6NzoiTG9nIEFwcCI7czoxMjoiZGlzcGxheV90eXBlIjtOO3M6NDoiaWNvbiI7czoxMDoiZmlsZS1jbG9jayI7czo0OiJzbHVnIjtzOjQ6Ii9sb2ciO3M6NjoicGVybWl0IjthOjE6e2k6MDthOjEyOntzOjI6ImlkIjtpOjY7czo3OiJtZW51X2lkIjtpOjg7czo0OiJuYW1lIjtzOjk6InJlYWQtbGlzdCI7czo0OiJzbHVnIjtzOjQ6Ii9sb2ciO3M6NToibGFiZWwiO3M6MTE6IkRhZnRhciBEYXRhIjtzOjEwOiJpc19lbmFibGVkIjtpOjE7czoxMDoiY3JlYXRlZF9ieSI7TjtzOjEwOiJ1cGRhdGVkX2J5IjtOO3M6MTA6ImRlbGV0ZWRfYnkiO047czoxMDoiY3JlYXRlZF9hdCI7TjtzOjEwOiJ1cGRhdGVkX2F0IjtOO3M6MTA6ImRlbGV0ZWRfYXQiO047fX1zOjg6ImNoaWxkcmVuIjthOjA6e319fX1pOjI7YTo0OntzOjQ6Im5hbWUiO3M6MTA6IlBlbmdhdHVyYW4iO3M6MTI6ImRpc3BsYXlfdHlwZSI7czoxMjoiZGl2aWRlci10ZXh0IjtzOjQ6Imljb24iO3M6MDoiIjtzOjg6ImNoaWxkcmVuIjthOjM6e2k6MDthOjY6e3M6NDoibmFtZSI7czoxMjoiS2Vsb2xhIEFrc2VzIjtzOjEyOiJkaXNwbGF5X3R5cGUiO3M6MDoiIjtzOjQ6Imljb24iO3M6OToic2Nhbi1mYWNlIjtzOjQ6InNsdWciO3M6NToiL3JvbGUiO3M6NjoicGVybWl0IjthOjQ6e2k6MDthOjEyOntzOjI6ImlkIjtpOjE7czo3OiJtZW51X2lkIjtpOjM7czo0OiJuYW1lIjtzOjk6InJlYWQtbGlzdCI7czo0OiJzbHVnIjtzOjU6Ii9yb2xlIjtzOjU6ImxhYmVsIjtzOjExOiJEYWZ0YXIgRGF0YSI7czoxMDoiaXNfZW5hYmxlZCI7aToxO3M6MTA6ImNyZWF0ZWRfYnkiO047czoxMDoidXBkYXRlZF9ieSI7TjtzOjEwOiJkZWxldGVkX2J5IjtOO3M6MTA6ImNyZWF0ZWRfYXQiO047czoxMDoidXBkYXRlZF9hdCI7TjtzOjEwOiJkZWxldGVkX2F0IjtOO31pOjE7YToxMjp7czoyOiJpZCI7aTo3O3M6NzoibWVudV9pZCI7aTozO3M6NDoibmFtZSI7czozOiJhZGQiO3M6NDoic2x1ZyI7czo1OiIvcm9sZSI7czo1OiJsYWJlbCI7czo2OiJUYW1iYWgiO3M6MTA6ImlzX2VuYWJsZWQiO2k6MTtzOjEwOiJjcmVhdGVkX2J5IjtOO3M6MTA6InVwZGF0ZWRfYnkiO047czoxMDoiZGVsZXRlZF9ieSI7TjtzOjEwOiJjcmVhdGVkX2F0IjtOO3M6MTA6InVwZGF0ZWRfYXQiO047czoxMDoiZGVsZXRlZF9hdCI7Tjt9aToyO2E6MTI6e3M6MjoiaWQiO2k6MTI7czo3OiJtZW51X2lkIjtpOjM7czo0OiJuYW1lIjtzOjQ6ImVkaXQiO3M6NDoic2x1ZyI7czo1OiIvcm9sZSI7czo1OiJsYWJlbCI7czo0OiJFZGl0IjtzOjEwOiJpc19lbmFibGVkIjtpOjE7czoxMDoiY3JlYXRlZF9ieSI7TjtzOjEwOiJ1cGRhdGVkX2J5IjtOO3M6MTA6ImRlbGV0ZWRfYnkiO047czoxMDoiY3JlYXRlZF9hdCI7TjtzOjEwOiJ1cGRhdGVkX2F0IjtOO3M6MTA6ImRlbGV0ZWRfYXQiO047fWk6MzthOjEyOntzOjI6ImlkIjtpOjE3O3M6NzoibWVudV9pZCI7aTozO3M6NDoibmFtZSI7czo2OiJkZWxldGUiO3M6NDoic2x1ZyI7czo1OiIvcm9sZSI7czo1OiJsYWJlbCI7czo1OiJIYXB1cyI7czoxMDoiaXNfZW5hYmxlZCI7aToxO3M6MTA6ImNyZWF0ZWRfYnkiO047czoxMDoidXBkYXRlZF9ieSI7TjtzOjEwOiJkZWxldGVkX2J5IjtOO3M6MTA6ImNyZWF0ZWRfYXQiO047czoxMDoidXBkYXRlZF9hdCI7TjtzOjEwOiJkZWxldGVkX2F0IjtOO319czo4OiJjaGlsZHJlbiI7YTowOnt9fWk6MTthOjY6e3M6NDoibmFtZSI7czoxNDoiR3JvdXAgUGVuZ2d1bmEiO3M6MTI6ImRpc3BsYXlfdHlwZSI7TjtzOjQ6Imljb24iO3M6OToiY29tcG9uZW50IjtzOjQ6InNsdWciO3M6MTE6Ii91c2VyLWdyb3VwIjtzOjY6InBlcm1pdCI7YTo0OntpOjA7YToxMjp7czoyOiJpZCI7aToyO3M6NzoibWVudV9pZCI7aTo0O3M6NDoibmFtZSI7czo5OiJyZWFkLWxpc3QiO3M6NDoic2x1ZyI7czoxMToiL3VzZXItZ3JvdXAiO3M6NToibGFiZWwiO3M6MTE6IkRhZnRhciBEYXRhIjtzOjEwOiJpc19lbmFibGVkIjtpOjE7czoxMDoiY3JlYXRlZF9ieSI7TjtzOjEwOiJ1cGRhdGVkX2J5IjtOO3M6MTA6ImRlbGV0ZWRfYnkiO047czoxMDoiY3JlYXRlZF9hdCI7TjtzOjEwOiJ1cGRhdGVkX2F0IjtOO3M6MTA6ImRlbGV0ZWRfYXQiO047fWk6MTthOjEyOntzOjI6ImlkIjtpOjg7czo3OiJtZW51X2lkIjtpOjQ7czo0OiJuYW1lIjtzOjM6ImFkZCI7czo0OiJzbHVnIjtzOjExOiIvdXNlci1ncm91cCI7czo1OiJsYWJlbCI7czo2OiJUYW1iYWgiO3M6MTA6ImlzX2VuYWJsZWQiO2k6MTtzOjEwOiJjcmVhdGVkX2J5IjtOO3M6MTA6InVwZGF0ZWRfYnkiO047czoxMDoiZGVsZXRlZF9ieSI7TjtzOjEwOiJjcmVhdGVkX2F0IjtOO3M6MTA6InVwZGF0ZWRfYXQiO047czoxMDoiZGVsZXRlZF9hdCI7Tjt9aToyO2E6MTI6e3M6MjoiaWQiO2k6MTM7czo3OiJtZW51X2lkIjtpOjQ7czo0OiJuYW1lIjtzOjQ6ImVkaXQiO3M6NDoic2x1ZyI7czoxMToiL3VzZXItZ3JvdXAiO3M6NToibGFiZWwiO3M6NDoiRWRpdCI7czoxMDoiaXNfZW5hYmxlZCI7aToxO3M6MTA6ImNyZWF0ZWRfYnkiO047czoxMDoidXBkYXRlZF9ieSI7TjtzOjEwOiJkZWxldGVkX2J5IjtOO3M6MTA6ImNyZWF0ZWRfYXQiO047czoxMDoidXBkYXRlZF9hdCI7TjtzOjEwOiJkZWxldGVkX2F0IjtOO31pOjM7YToxMjp7czoyOiJpZCI7aToxODtzOjc6Im1lbnVfaWQiO2k6NDtzOjQ6Im5hbWUiO3M6NjoiZGVsZXRlIjtzOjQ6InNsdWciO3M6MTE6Ii91c2VyLWdyb3VwIjtzOjU6ImxhYmVsIjtzOjU6IkhhcHVzIjtzOjEwOiJpc19lbmFibGVkIjtpOjE7czoxMDoiY3JlYXRlZF9ieSI7TjtzOjEwOiJ1cGRhdGVkX2J5IjtOO3M6MTA6ImRlbGV0ZWRfYnkiO047czoxMDoiY3JlYXRlZF9hdCI7TjtzOjEwOiJ1cGRhdGVkX2F0IjtOO3M6MTA6ImRlbGV0ZWRfYXQiO047fX1zOjg6ImNoaWxkcmVuIjthOjA6e319aToyO2E6Njp7czo0OiJuYW1lIjtzOjg6IlBlbmdndW5hIjtzOjEyOiJkaXNwbGF5X3R5cGUiO047czo0OiJpY29uIjtzOjU6InNtaWxlIjtzOjQ6InNsdWciO3M6NToiL3VzZXIiO3M6NjoicGVybWl0IjthOjQ6e2k6MDthOjEyOntzOjI6ImlkIjtpOjM7czo3OiJtZW51X2lkIjtpOjU7czo0OiJuYW1lIjtzOjk6InJlYWQtbGlzdCI7czo0OiJzbHVnIjtzOjU6Ii91c2VyIjtzOjU6ImxhYmVsIjtzOjExOiJEYWZ0YXIgRGF0YSI7czoxMDoiaXNfZW5hYmxlZCI7aToxO3M6MTA6ImNyZWF0ZWRfYnkiO047czoxMDoidXBkYXRlZF9ieSI7TjtzOjEwOiJkZWxldGVkX2J5IjtOO3M6MTA6ImNyZWF0ZWRfYXQiO047czoxMDoidXBkYXRlZF9hdCI7TjtzOjEwOiJkZWxldGVkX2F0IjtOO31pOjE7YToxMjp7czoyOiJpZCI7aTo5O3M6NzoibWVudV9pZCI7aTo1O3M6NDoibmFtZSI7czozOiJhZGQiO3M6NDoic2x1ZyI7czo1OiIvdXNlciI7czo1OiJsYWJlbCI7czo2OiJUYW1iYWgiO3M6MTA6ImlzX2VuYWJsZWQiO2k6MTtzOjEwOiJjcmVhdGVkX2J5IjtOO3M6MTA6InVwZGF0ZWRfYnkiO047czoxMDoiZGVsZXRlZF9ieSI7TjtzOjEwOiJjcmVhdGVkX2F0IjtOO3M6MTA6InVwZGF0ZWRfYXQiO047czoxMDoiZGVsZXRlZF9hdCI7Tjt9aToyO2E6MTI6e3M6MjoiaWQiO2k6MTQ7czo3OiJtZW51X2lkIjtpOjU7czo0OiJuYW1lIjtzOjQ6ImVkaXQiO3M6NDoic2x1ZyI7czo1OiIvdXNlciI7czo1OiJsYWJlbCI7czo0OiJFZGl0IjtzOjEwOiJpc19lbmFibGVkIjtpOjE7czoxMDoiY3JlYXRlZF9ieSI7TjtzOjEwOiJ1cGRhdGVkX2J5IjtOO3M6MTA6ImRlbGV0ZWRfYnkiO047czoxMDoiY3JlYXRlZF9hdCI7TjtzOjEwOiJ1cGRhdGVkX2F0IjtOO3M6MTA6ImRlbGV0ZWRfYXQiO047fWk6MzthOjEyOntzOjI6ImlkIjtpOjE5O3M6NzoibWVudV9pZCI7aTo1O3M6NDoibmFtZSI7czo2OiJkZWxldGUiO3M6NDoic2x1ZyI7czo1OiIvdXNlciI7czo1OiJsYWJlbCI7czo1OiJIYXB1cyI7czoxMDoiaXNfZW5hYmxlZCI7aToxO3M6MTA6ImNyZWF0ZWRfYnkiO047czoxMDoidXBkYXRlZF9ieSI7TjtzOjEwOiJkZWxldGVkX2J5IjtOO3M6MTA6ImNyZWF0ZWRfYXQiO047czoxMDoidXBkYXRlZF9hdCI7TjtzOjEwOiJkZWxldGVkX2F0IjtOO319czo4OiJjaGlsZHJlbiI7YTowOnt9fX19fXM6NjoiX3Rva2VuIjtzOjQwOiJSOG1JbXhNSDgyMEM3bmpBMUV0WE5ETWFubUR5ZDhCYjh4YVF4cnVoIjtzOjM6InVybCI7YTowOnt9czo5OiJfcHJldmlvdXMiO2E6MTp7czozOiJ1cmwiO3M6MzE6Imh0dHA6Ly8xMjcuMC4wLjE6ODAwMC9zdGF0aXN0aWMiO31zOjY6Il9mbGFzaCI7YToyOntzOjM6Im9sZCI7YTowOnt9czozOiJuZXciO2E6MDp7fX1zOjUwOiJsb2dpbl93ZWJfNTliYTM2YWRkYzJiMmY5NDAxNTgwZjAxNGM3ZjU4ZWE0ZTMwOTg5ZCI7aToxO3M6MTA6Il90b2tlbl9hcGkiO3M6MTAyNToiZXlKMGVYQWlPaUpLVjFRaUxDSmhiR2NpT2lKU1V6STFOaUo5LmV5SmhkV1FpT2lJd01UazNZVEF4WmkwNVpUaGxMVGN6WVRNdE9XUmhaaTA1TXpReE0yVTFObVpoWlRraUxDSnFkR2tpT2lKaVlUbGhaVFk0TURNNVpHUXpNamsyT0RjMk9UVXdaRGRpWkdReU1HUmhZelkzTVRJelltSTFZVEUzWW1JNE5XWXpOMkZrTW1abU1HTXdNRFkxWXpVeFpETmtabUV3WVRCa016azNNRGN6WXlJc0ltbGhkQ0k2TVRjMU9ERTNOemMxTnk0eE16QTRPU3dpYm1KbUlqb3hOelU0TVRjM056VTNMakV6TURnNU15d2laWGh3SWpveE56ZzVOekV6TnpVM0xqRXlORGMyTVN3aWMzVmlJam9pTVNJc0luTmpiM0JsY3lJNlcxMTkuQnI4bWltZFRxMFAyMk0za0pnWGJwUUpjbS15LTFTSjNTUGJCeUVRdXp1TDlDM2F3aEQ3Y1VkcW0xR2FFNGJXYU1fYmJUR21Wc3NVVFItWThGcFRVOG5zYWh5VU9FaVdUOWNNcnF4RHRPekt4ZHktYlFRWXhlTXFjb2lscmZWd1dKLVZtV0RBVENnUVZaTnE5eTNYbWJUcEM2cWJYTGVvenU4eFZTbURtMHQxN2p2VEhXYkk1cXE5OGRhUm10UFM2N0p5Z2tERWRCX0JXdUdlLVVwa0FYT2U3aEZLYVcwdlRYbm51dWFrZl9CbTNwVjZ1T3l1NldVYWtfb29lRUJhRWdMWWxrdmoxTHlCQ1llTFRwN2xWRE1uN1JnNzJVa1hTUzVoZFQzc3gzNi1mZUpxdU1LaGNmLWp6OWpiS0dkeGNhcnZUWURjZS12YmQxN3I1aUtueFJfNE9GQTJVSVJFZTUyb2dVZ1d5RHVRUFlCcVkybGNBRWQ5V2pkZkdqNzZPNjZLaVZIS2FKcFNIbHJSNHpLdkwxc1d0eGEyTWlSSG4tWG1jeFJCcU4yNEl6d1ZfM0dYSTdteThlVjh5WGpnRjlJYnZSMHBfRjhHWE41REFrSnFncHNqSm4xWFBvV2d2MzlRbHM1MllOajZOZnY1endzNWkyY3hzeG5VSVlhRjFOZ1lTQ005dk1sWkFjMDhKbjBlb0NQU3htUVhnLW9mbEtPMkVaOGVfSGhTazFGNnQ0NFhnNnk5ZWRxUWdfR1dudlJqM1A0blB6eUtwWTE0SEk5X2xsSFFHUWpNYXVOel9KX0NXdWtlOF9XRW9JUF9hZWQ4SFdDYmtVV3JVZWt2TzFwQm5heWtqRGRNOUdFSS01ME1OVTBkQXNackExZnRCSDljWlUtTU9NWXMiO30=', 1758185247),
	('zHOZ6SArPl1b3wrNZ598rI3f6Kk20o9FdiRxmvJ5', NULL, '127.0.0.1', 'Mozilla/5.0 (Windows NT 10.0; Win64; x64) AppleWebKit/537.36 (KHTML, like Gecko) Chrome/140.0.0.0 Safari/537.36', 'YTo0OntzOjE1OiJyb2xlX3Blcm1pc3Npb24iO2E6MTp7aToxO2E6NDp7czo0OiJuYW1lIjtzOjk6IkFrdGl2aXRhcyI7czoxMjoiZGlzcGxheV90eXBlIjtzOjEyOiJkaXZpZGVyLXRleHQiO3M6NDoiaWNvbiI7TjtzOjg6ImNoaWxkcmVuIjthOjE6e2k6MDthOjY6e3M6NDoibmFtZSI7czo5OiJTdGF0aXN0aWsiO3M6MTI6ImRpc3BsYXlfdHlwZSI7TjtzOjQ6Imljb24iO3M6MTc6ImNhbmRsZXN0aWNrLWNoYXJ0IjtzOjQ6InNsdWciO3M6MTA6Ii9zdGF0aXN0aWMiO3M6NjoicGVybWl0IjthOjE6e2k6MDthOjY6e3M6MjoiaWQiO2k6MTtzOjc6Im1lbnVfaWQiO2k6NjtzOjQ6Im5hbWUiO3M6NDoibGlzdCI7czo0OiJzbHVnIjtzOjExOiIvc3RhdGlzdGljcyI7czo1OiJsYWJlbCI7czoxMToiRGFmdGFyIERhdGEiO3M6MTA6ImlzX2VuYWJsZWQiO2I6MTt9fXM6ODoiY2hpbGRyZW4iO2E6MDp7fX19fX1zOjY6Il90b2tlbiI7czo0MDoiVHUybW1OYkxOSmRxUHhZWWpBQ09uVjJtMjlKeXRPY2tlcGdzYzhMWSI7czo5OiJfcHJldmlvdXMiO2E6MTp7czozOiJ1cmwiO3M6MjE6Imh0dHA6Ly8xMjcuMC4wLjE6ODAwMCI7fXM6NjoiX2ZsYXNoIjthOjI6e3M6Mzoib2xkIjthOjA6e31zOjM6Im5ldyI7YTowOnt9fX0=', 1758510601);

-- Dumping structure for table simpeg_local.unit
CREATE TABLE IF NOT EXISTS `unit` (
  `id` int NOT NULL,
  `kode` varchar(50) DEFAULT NULL,
  `nama` varchar(50) DEFAULT NULL,
  `parent_id` int DEFAULT NULL,
  `level` int DEFAULT NULL,
  `path` varchar(50) DEFAULT NULL,
  `is_active` tinyint DEFAULT NULL,
  PRIMARY KEY (`id`)
) ENGINE=MyISAM DEFAULT CHARSET=utf8mb4 COLLATE=utf8mb4_0900_ai_ci;

-- Dumping data for table simpeg_local.unit: 0 rows
DELETE FROM `unit`;
/*!40000 ALTER TABLE `unit` DISABLE KEYS */;
/*!40000 ALTER TABLE `unit` ENABLE KEYS */;

-- Dumping structure for table simpeg_local.users
CREATE TABLE IF NOT EXISTS `users` (
  `id` bigint unsigned NOT NULL AUTO_INCREMENT,
  `name` varchar(255) COLLATE utf8mb4_unicode_ci NOT NULL,
  `email` varchar(255) COLLATE utf8mb4_unicode_ci NOT NULL,
  `email_verified_at` timestamp NULL DEFAULT NULL,
  `password` varchar(255) COLLATE utf8mb4_unicode_ci NOT NULL,
  `remember_token` varchar(100) COLLATE utf8mb4_unicode_ci DEFAULT NULL,
  `role_id` smallint unsigned NOT NULL,
  `user_group_id` smallint unsigned NOT NULL,
  `img_main` text COLLATE utf8mb4_unicode_ci,
  `is_enabled` tinyint(1) NOT NULL DEFAULT '1',
  `created_at` timestamp NULL DEFAULT NULL,
  `updated_at` timestamp NULL DEFAULT NULL,
  PRIMARY KEY (`id`),
  UNIQUE KEY `users_email_unique` (`email`)
) ENGINE=InnoDB AUTO_INCREMENT=2 DEFAULT CHARSET=utf8mb4 COLLATE=utf8mb4_unicode_ci;

-- Dumping data for table simpeg_local.users: ~1 rows (approximately)
DELETE FROM `users`;
INSERT INTO `users` (`id`, `name`, `email`, `email_verified_at`, `password`, `remember_token`, `role_id`, `user_group_id`, `img_main`, `is_enabled`, `created_at`, `updated_at`) VALUES
	(1, 'Evelline Krist.', 'ev.attoff@gmail.com', NULL, '$2y$12$Cyq.9Cpq3gChtaR4jrLrE.RURYmPagaBfZWfhuO1TNXzb3N2c6/kq', NULL, 2, 2, NULL, 1, '2025-06-30 20:06:30', '2025-06-30 20:06:30');

-- Dumping structure for table simpeg_local.user_groups
CREATE TABLE IF NOT EXISTS `user_groups` (
  `id` bigint unsigned NOT NULL AUTO_INCREMENT,
  `parent_group_id` smallint unsigned DEFAULT NULL,
  `nickname` varchar(255) COLLATE utf8mb4_unicode_ci DEFAULT NULL,
  `fullname` varchar(255) COLLATE utf8mb4_unicode_ci NOT NULL,
  `email` varchar(255) COLLATE utf8mb4_unicode_ci NOT NULL,
  `phone` varchar(255) COLLATE utf8mb4_unicode_ci DEFAULT NULL,
  `img_main` text COLLATE utf8mb4_unicode_ci,
  `is_enabled` tinyint(1) NOT NULL DEFAULT '1',
  `created_by` bigint unsigned DEFAULT NULL,
  `updated_by` bigint unsigned DEFAULT NULL,
  `deleted_by` bigint unsigned DEFAULT NULL,
  `created_at` timestamp NULL DEFAULT NULL,
  `updated_at` timestamp NULL DEFAULT NULL,
  `deleted_at` timestamp NULL DEFAULT NULL,
  PRIMARY KEY (`id`),
  UNIQUE KEY `user_groups_email_unique` (`email`)
) ENGINE=InnoDB AUTO_INCREMENT=4 DEFAULT CHARSET=utf8mb4 COLLATE=utf8mb4_unicode_ci;

-- Dumping data for table simpeg_local.user_groups: ~2 rows (approximately)
DELETE FROM `user_groups`;
INSERT INTO `user_groups` (`id`, `parent_group_id`, `nickname`, `fullname`, `email`, `phone`, `img_main`, `is_enabled`, `created_by`, `updated_by`, `deleted_by`, `created_at`, `updated_at`, `deleted_at`) VALUES
	(1, NULL, 'IAKN', 'Institut Agama Kristen Negeri (IAKN) Palangka Raya', 'staknpalangkaraya.2010@gmail.com', NULL, 'image/body.png', 1, NULL, NULL, NULL, NULL, NULL, NULL),
	(2, NULL, 'Kepegawaian', 'Kepegawaian', '', NULL, 'image/kepegawaian.webp', 1, NULL, NULL, NULL, NULL, NULL, NULL);

/*!40103 SET TIME_ZONE=IFNULL(@OLD_TIME_ZONE, 'system') */;
/*!40101 SET SQL_MODE=IFNULL(@OLD_SQL_MODE, '') */;
/*!40014 SET FOREIGN_KEY_CHECKS=IFNULL(@OLD_FOREIGN_KEY_CHECKS, 1) */;
/*!40101 SET CHARACTER_SET_CLIENT=@OLD_CHARACTER_SET_CLIENT */;
/*!40111 SET SQL_NOTES=IFNULL(@OLD_SQL_NOTES, 1) */;
